行政區,street、road、section,lane,alley
新店區,,,
新店區,三民路,,
新店區,三民路,１１７巷,１弄
新店區,三民路,１１７巷,２弄
新店區,三民路,１１７巷,３弄
新店區,三民路,１１７巷,４弄
新店區,三民路,１１７巷,５弄
新店區,三民路,１１７巷,６弄
新店區,三民路,１１７巷,７弄
新店區,三民路,１１７巷,８弄
新店區,三民路,１４３巷,
新店區,三民路,１４３巷,２８弄
新店區,三民路,１４３巷,３０弄
新店區,三民路,１５３巷,
新店區,三民路,１５９巷,
新店區,三民路,１５９巷,１９弄
新店區,三民路,２０巷,
新店區,三民路,２１巷,
新店區,三民路,２２巷,
新店區,三民路,２９巷,
新店區,三民路,２９巷,２弄
新店區,三民路,２９巷,４弄
新店區,三民路,３５巷,
新店區,三民路,５１巷,
新店區,三民路,５１巷,１弄
新店區,三民路,５１巷,３弄
新店區,三民路,５１巷,５弄
新店區,三民路,５１巷,７弄
新店區,三民路,６０巷,
新店區,三民路,７５巷,
新店區,三民路,７５巷,１弄
新店區,三民路,７５巷,１６弄
新店區,三民路,７５巷,２弄
新店區,三民路,７５巷,３弄
新店區,三民路,７５巷,４弄
新店區,三民路,７５巷,５弄
新店區,三民路,７５巷,７弄
新店區,三民路,７５巷,９弄
新店區,三民路,８４巷,
新店區,三民路,９４巷,
新店區,下石厝路,,
新店區,中央一街,,
新店區,中央七街,,
新店區,中央七街,６１巷,
新店區,中央三街,,
新店區,中央三街,１２１巷,
新店區,中央二街,,
新店區,中央二街,５巷,
新店區,中央五街,,
新店區,中央八街,,
新店區,中央六街,,
新店區,中央四街,,
新店區,中央路,,
新店區,中央路,１巷,
新店區,中央路,１０５巷,
新店區,中央路,１２７巷,
新店區,中央路,１３３巷,
新店區,中央路,１３３巷,１５弄
新店區,中央路,１３３巷,２０弄
新店區,中央路,１３３巷,２７弄
新店區,中央路,１３３巷,３２弄
新店區,中央路,１３９巷,２弄
新店區,中央路,９５巷,
新店區,中山路,,
新店區,中山路,３１巷,
新店區,中正路,,
新店區,中正路,四維巷,
新店區,中正路,四維巷,１弄
新店區,中正路,四維巷,２弄
新店區,中正路,四維巷,８弄
新店區,中正路,１巷,
新店區,中正路,１０２巷,
新店區,中正路,１０２巷,６弄
新店區,中正路,１０２巷,８弄
新店區,中正路,１０２巷,９弄
新店區,中正路,１１７巷,
新店區,中正路,１２８巷,
新店區,中正路,１２８巷,７弄
新店區,中正路,１２８巷,９弄
新店區,中正路,１４４巷,
新店區,中正路,１４９巷,
新店區,中正路,１５４巷,
新店區,中正路,１８２巷,
新店區,中正路,１８２巷,６弄
新店區,中正路,１８３巷,
新店區,中正路,１８９巷,
新店區,中正路,１８９巷,１６弄
新店區,中正路,２３０巷,
新店區,中正路,２３１巷,
新店區,中正路,２４７巷,
新店區,中正路,２４７巷,１弄
新店區,中正路,２４７巷,２４弄
新店區,中正路,２４７巷,２５弄
新店區,中正路,２４７巷,２７弄
新店區,中正路,２４７巷,４弄
新店區,中正路,２４７巷,６弄
新店區,中正路,２４７巷,７弄
新店區,中正路,２４７巷,８弄
新店區,中正路,２６２巷,
新店區,中正路,２６２巷,１弄
新店區,中正路,２６３巷,
新店區,中正路,２６５巷,
新店區,中正路,２７５巷,
新店區,中正路,２８０巷,
新店區,中正路,２８０巷,９弄
新店區,中正路,２８４巷,
新店區,中正路,２８４巷,４弄
新店區,中正路,３０２巷,
新店區,中正路,３０２巷,５弄
新店區,中正路,３０２巷,７弄
新店區,中正路,３０２巷,８弄
新店區,中正路,３０７巷,
新店區,中正路,３０７巷,９弄
新店區,中正路,３１２巷,
新店區,中正路,３２８巷,
新店區,中正路,３２８巷,２２弄
新店區,中正路,３２８巷,４２弄
新店區,中正路,３２９巷,
新店區,中正路,３２９巷,１弄
新店區,中正路,３２９巷,３弄
新店區,中正路,３２９巷,５弄
新店區,中正路,３２９巷,７弄
新店區,中正路,３２９巷,９弄
新店區,中正路,３３４巷,
新店區,中正路,３７７巷,
新店區,中正路,３８２巷,
新店區,中正路,３９９巷,
新店區,中正路,４００巷,
新店區,中正路,４０９巷,
新店區,中正路,４１８巷,
新店區,中正路,４３３巷,
新店區,中正路,４３６巷,
新店區,中正路,４９７巷,
新店區,中正路,５１８巷,
新店區,中正路,５２１巷,
新店區,中正路,５３８巷,
新店區,中正路,５４巷,
新店區,中正路,５５０巷,
新店區,中正路,５６０巷,
新店區,中正路,５７巷,
新店區,中正路,５７巷,１弄
新店區,中正路,６１８巷,
新店區,中正路,６１８巷,１弄
新店區,中正路,６１８巷,７弄
新店區,中正路,６５巷,
新店區,中正路,６６巷,
新店區,中正路,６６３巷,
新店區,中正路,６６３巷,１弄
新店區,中正路,６６３巷,３弄
新店區,中正路,６６３巷,７弄
新店區,中正路,６８０巷,
新店區,中正路,６８０巷,１９弄
新店區,中正路,６８０巷,３１弄
新店區,中正路,６８０巷,３３弄
新店區,中正路,６８０巷,５１弄
新店區,中正路,６８０巷,８弄
新店區,中正路,６９４巷,
新店區,中正路,６９５巷,
新店區,中正路,７００巷,
新店區,中正路,７５巷,
新店區,中正路,７６巷,
新店區,中正路,７６巷,１１弄
新店區,中正路,７６巷,５弄
新店區,中生路,,
新店區,中生路,１１巷,
新店區,中生路,１７０巷,
新店區,中生路,２２巷,
新店區,中生路,２２巷,２弄
新店區,中生路,２２巷,４弄
新店區,中生路,４３巷,
新店區,中生路,８２巷,
新店區,中生路,８３巷,
新店區,中興路一段,,
新店區,中興路一段,１０３巷,
新店區,中興路一段,１０６巷,
新店區,中興路一段,１１９巷,
新店區,中興路一段,１７２巷,
新店區,中興路一段,１９７巷,
新店區,中興路一段,２５４巷,
新店區,中興路一段,２６２巷,
新店區,中興路一段,２６８巷,
新店區,中興路一段,２７０巷,
新店區,中興路一段,２７６巷,
新店區,中興路一段,２８７巷,
新店區,中興路一段,２８７巷,３２弄
新店區,中興路一段,２８８巷,
新店區,中興路一段,４６巷,
新店區,中興路三段,,
新店區,中興路三段,１７７巷,
新店區,中興路三段,２０５巷,
新店區,中興路三段,２０５巷,７弄
新店區,中興路三段,２０５巷,８弄
新店區,中興路三段,２２０巷,
新店區,中興路三段,２２８巷,
新店區,中興路三段,２４７巷,
新店區,中興路三段,２４７巷,５弄
新店區,中興路二段,,
新店區,中興路二段,１００巷,
新店區,中興路二段,１２１巷,
新店區,中興路二段,２１８巷,
新店區,中興路二段,２３６巷,
新店區,中興路二段,３１巷,
新店區,中興路二段,４９巷,
新店區,中興路二段,５７巷,
新店區,中興路二段,６７巷,
新店區,中興路二段,７９巷,
新店區,中興路二段,９１巷,
新店區,中興路二段,９９巷,
新店區,中華路,,
新店區,中華路,１１７巷,
新店區,中華路,１１７巷,２弄
新店區,中華路,１１７巷,４弄
新店區,中華路,１１７巷,６弄
新店區,中華路,３５巷,
新店區,中華路,４２巷,
新店區,中華路,４７巷,
新店區,中華路,４７巷,２弄
新店區,中華路,４８巷,
新店區,中華路,５４巷,
新店區,中華路,６０巷,
新店區,中華路,６０巷,１弄
新店區,中華路,６０巷,２弄
新店區,中華路,７０巷,
新店區,中華路,８３巷,
新店區,中華路,８３巷,２弄
新店區,中華路,８３巷,４弄
新店區,二十張路,,
新店區,二十張路,１巷,
新店區,二十張路,１巷,１弄
新店區,二十張路,１巷,２弄
新店區,二十張路,１巷,３弄
新店區,二十張路,１巷,６弄
新店區,二十張路,１０５巷,
新店區,二十張路,１１巷,
新店區,二十張路,１１巷,８弄
新店區,二十張路,１２９巷,
新店區,二十張路,１２９巷,１弄
新店區,二十張路,１２９巷,２弄
新店區,二十張路,１２９巷,３弄
新店區,二十張路,１２９巷,５弄
新店區,二十張路,１２９巷,７弄
新店區,二十張路,１６巷,１弄
新店區,二十張路,２００巷,
新店區,二十張路,２２巷,
新店區,二十張路,２５巷,
新店區,二十張路,２５巷,１８弄
新店區,二十張路,２８巷,
新店區,二十張路,３３巷,
新店區,二十張路,３３巷,２弄
新店區,二十張路,４６巷,
新店區,二十張路,４６巷,３７弄
新店區,二十張路,６０巷,
新店區,二十張路,７９巷,
新店區,二十張路,９８巷,
新店區,二十張路,９８巷,２弄
新店區,五峯路,,
新店區,五峯路,１４５巷,
新店區,五峯路,４０巷,
新店區,五峯路,４８巷,
新店區,五峯路,６１巷,
新店區,五峯路,６３巷,
新店區,五峯路,６３巷,８弄
新店區,五峯路,６５巷,
新店區,五峯路,６７巷,
新店區,五峯路,６７巷,２弄
新店區,五峯路,７０巷,
新店區,五峯路,７０巷,２弄
新店區,五峯路,９１巷,
新店區,五峯路,９１巷,１弄
新店區,僑仁路,,
新店區,僑仁路,１巷,
新店區,僑仁路,１６巷,
新店區,僑仁路,１６巷,１弄
新店區,僑信路,,
新店區,僑信路,１０２巷,
新店區,僑信路,１０３巷,
新店區,僑信路,１０８巷,
新店區,僑信路,１０９巷,
新店區,僑信路,１１４巷,
新店區,僑信路,１１５巷,
新店區,僑信路,１２０巷,
新店區,僑信路,１２１巷,
新店區,僑信路,１２６巷,
新店區,僑信路,１３２巷,
新店區,僑信路,２巷,
新店區,僑信路,２３巷,
新店區,僑信路,２９巷,
新店區,僑信路,３８巷,
新店區,僑信路,４巷,
新店區,僑信路,４１巷,
新店區,僑信路,４４巷,
新店區,僑信路,４７巷,
新店區,僑信路,５０巷,
新店區,僑信路,５０巷,３２弄
新店區,僑信路,５３巷,
新店區,僑信路,５６巷,
新店區,僑信路,５９巷,
新店區,僑信路,６２巷,
新店區,僑信路,６８巷,
新店區,僑信路,７４巷,
新店區,僑信路,８４巷,
新店區,僑信路,９０巷,
新店區,僑信路,９６巷,
新店區,僑信路,９７巷,
新店區,僑愛一路,,
新店區,僑愛七路,,
新店區,僑愛三路,,
新店區,僑愛九路,,
新店區,僑愛二路,,
新店區,僑愛五路,,
新店區,僑愛六路,,
新店區,僑愛四路,,
新店區,僑義路,,
新店區,僑義路,１巷,
新店區,僑義路,１１巷,
新店區,僑義路,１４巷,
新店區,僑義路,１７巷,
新店區,僑義路,２巷,
新店區,僑義路,２０巷,
新店區,僑義路,２３巷,
新店區,僑義路,２６巷,
新店區,僑義路,２９巷,
新店區,僑義路,３巷,
新店區,僑義路,３２巷,
新店區,僑義路,３５巷,
新店區,僑義路,３８巷,
新店區,僑義路,４１巷,
新店區,僑義路,４７巷,
新店區,僑義路,５巷,
新店區,僑義路,８巷,
新店區,光明街,,
新店區,光明街,１０２巷,
新店區,光明街,１０２巷,７弄
新店區,光明街,１２０巷,
新店區,光明街,１３８巷,
新店區,光明街,１３８巷,１３弄
新店區,光明街,１６８巷,
新店區,光明街,１６８巷,１弄
新店區,光明街,１６８巷,３弄
新店區,光明街,１６８巷,５弄
新店區,光明街,２００巷,
新店區,光明街,２００巷,１８弄
新店區,光明街,２００巷,９弄
新店區,光明街,２２４巷,
新店區,光明街,２２４巷,２０弄
新店區,光明街,２４４巷,
新店區,光明街,２８６巷,
新店區,光明街,９６巷,
新店區,光華街,,
新店區,光華街,２０巷,
新店區,光華街,３０巷,
新店區,光華街,３６巷,
新店區,光華街,３８巷,
新店區,光華街,５巷,
新店區,光華街,７巷,
新店區,光華街,８巷,
新店區,力行路,,
新店區,力行路,１１巷,
新店區,力行路,１４巷,
新店區,力行路,１４巷,１４弄
新店區,力行路,１４巷,１６弄
新店區,力行路,４巷,
新店區,力行路,７巷,
新店區,北宜路一段,,
新店區,北宜路一段,１０５巷,
新店區,北宜路一段,１０５巷,１０弄
新店區,北宜路一段,１０５巷,４弄
新店區,北宜路一段,１０９巷,
新店區,北宜路一段,１０９巷,４弄
新店區,北宜路一段,１０９巷,７弄
新店區,北宜路一段,１１４巷,
新店區,北宜路一段,１１５巷,
新店區,北宜路一段,１１５巷,２０弄
新店區,北宜路一段,１１５巷,６弄
新店區,北宜路一段,１１５巷,８弄
新店區,北宜路一段,１１５巷,９弄
新店區,北宜路一段,１２７巷,
新店區,北宜路一段,１３８巷,
新店區,北宜路一段,１４０巷,
新店區,北宜路一段,１５３巷,
新店區,北宜路一段,１６３巷,
新店區,北宜路一段,１９２巷,
新店區,北宜路一段,２２６巷,
新店區,北宜路一段,３９巷,
新店區,北宜路一段,３９巷,１０弄
新店區,北宜路一段,３９巷,１６弄
新店區,北宜路一段,４５巷,
新店區,北宜路一段,６３巷,
新店區,北宜路一段,７２巷,
新店區,北宜路一段,８６巷,
新店區,北宜路三段,,
新店區,北宜路三段,２１０巷,
新店區,北宜路三段,２６９巷,
新店區,北宜路三段,２７５巷,
新店區,北宜路三段,２８５巷,
新店區,北宜路三段,３１５巷,
新店區,北宜路三段,３３５巷,
新店區,北宜路三段,８１巷,
新店區,北宜路二段,,
新店區,北宜路二段,１０２巷,
新店區,北宜路二段,１０２巷,１弄
新店區,北宜路二段,１０２巷,２弄
新店區,北宜路二段,１０２巷,４弄
新店區,北宜路二段,１０２巷,７弄
新店區,北宜路二段,１１６巷,
新店區,北宜路二段,１２１巷,
新店區,北宜路二段,１２７巷,
新店區,北宜路二段,１２８巷,
新店區,北宜路二段,１３５巷,
新店區,北宜路二段,１６７巷,
新店區,北宜路二段,１６７巷,２弄
新店區,北宜路二段,１６７巷,４弄
新店區,北宜路二段,１７巷,
新店區,北宜路二段,２４８巷,
新店區,北宜路二段,２６５巷,
新店區,北宜路二段,２６６巷,
新店區,北宜路二段,２６７巷,
新店區,北宜路二段,２７巷,
新店區,北宜路二段,２９巷,
新店區,北宜路二段,２９３巷,
新店區,北宜路二段,２９４巷,
新店區,北宜路二段,３０巷,
新店區,北宜路二段,３０巷,１弄
新店區,北宜路二段,３０巷,５弄
新店區,北宜路二段,３１７巷,
新店區,北宜路二段,３２８巷,
新店區,北宜路二段,３３９巷,
新店區,北宜路二段,３９１巷,
新店區,北宜路二段,３９２巷,
新店區,北宜路二段,３９２巷,２弄
新店區,北宜路二段,４２１巷,
新店區,北宜路二段,４２１巷,１０弄
新店區,北宜路二段,４２１巷,１９弄
新店區,北宜路二段,４２１巷,２弄
新店區,北宜路二段,４２１巷,４弄
新店區,北宜路二段,４２１巷,６弄
新店區,北宜路二段,５６巷,１弄
新店區,北宜路二段,５６巷,３弄
新店區,北宜路二段,５６巷,５弄
新店區,北宜路二段,５７９巷,
新店區,北宜路二段,５８１巷,
新店區,北宜路二段,６１５巷,
新店區,北宜路二段,６３巷,
新店區,北宜路二段,７巷,
新店區,北宜路二段,８０巷,２弄
新店區,北宜路二段,８２巷,
新店區,北宜路二段,８２巷,７弄
新店區,北宜路二段,８２巷,９弄
新店區,北宜路二段,８４巷,
新店區,北新路一段,,
新店區,北新路一段,１２６巷,
新店區,北新路一段,１５１巷,
新店區,北新路一段,２１３巷,
新店區,北新路一段,２７１巷,
新店區,北新路一段,２９７巷,
新店區,北新路一段,３４巷,
新店區,北新路一段,４５巷,
新店區,北新路一段,６４巷,
新店區,北新路一段,６４巷,１２弄
新店區,北新路一段,６４巷,３９弄
新店區,北新路一段,８８巷,
新店區,北新路一段,９６巷,
新店區,北新路三段,,
新店區,北新路三段,１０５巷,
新店區,北新路三段,１４９巷,
新店區,北新路三段,１７１巷,
新店區,北新路三段,２０３巷,
新店區,北新路三段,２０６巷,１弄
新店區,北新路三段,２１１巷,
新店區,北新路三段,６５巷,
新店區,北新路三段,６５巷,１２弄
新店區,北新路三段,６５巷,１３弄
新店區,北新路三段,６５巷,３４弄
新店區,北新路三段,９巷,
新店區,北新路三段,９５巷,
新店區,北新路二段,,
新店區,北新路二段,１２１巷,
新店區,北新路二段,１２１巷,１５弄
新店區,北新路二段,１２１巷,６弄
新店區,北新路二段,１３９巷,
新店區,北新路二段,１３９巷,１２弄
新店區,北新路二段,１３９巷,７弄
新店區,北新路二段,１５２巷,
新店區,北新路二段,１７１巷,
新店區,北新路二段,１８１巷,
新店區,北新路二段,１９６巷,
新店區,北新路二段,２２８巷,
新店區,北新路二段,２９巷,
新店區,北新路二段,２９巷,１弄
新店區,北新路二段,２９巷,２弄
新店區,北新路二段,２９巷,３弄
新店區,北新路二段,２９巷,４弄
新店區,北新路二段,２９巷,５弄
新店區,北新路二段,４４巷,
新店區,北新路二段,５９巷,
新店區,北新路二段,６６巷,
新店區,北新路二段,９２巷,
新店區,北新路二段,９２巷,２弄
新店區,北新路二段,９７巷,
新店區,北新路二段,９７巷,１０弄
新店區,北新路二段,９７巷,９弄
新店區,十四張路,,
新店區,博愛街,,
新店區,博愛街,１１巷,
新店區,博愛街,１３巷,
新店區,博愛街,１９巷,
新店區,博愛街,２巷,
新店區,博愛街,２５巷,
新店區,博愛街,２７巷,
新店區,博愛街,６巷,
新店區,博愛街,８巷,
新店區,博愛街,９巷,
新店區,合作路,,
新店區,合作路,１９巷,
新店區,合記街,,
新店區,吉安街,,
新店區,吉安街,１２巷,
新店區,吉祥街,１巷,
新店區,吉祥街,１１巷,
新店區,吉祥街,１３巷,
新店區,吉祥街,１５巷,
新店區,吉祥街,２巷,
新店區,吉祥街,３巷,
新店區,吉祥街,５巷,
新店區,吉祥街,６巷,
新店區,吉祥街,７巷,
新店區,吉祥街,９巷,
新店區,和成街,,
新店區,和成街,１２巷,
新店區,和成街,１４巷,
新店區,和成街,１５巷,
新店區,和成街,１６巷,
新店區,和成街,１７巷,
新店區,和成街,１８巷,
新店區,和成街,１９巷,
新店區,品牌路,,
新店區,啟文路,,
新店區,國校路,,
新店區,國校路,２巷,
新店區,國校路,３７巷,
新店區,國校路,４２巷,
新店區,國校路,４９巷,
新店區,國校路,５１巷,
新店區,國校路,６１巷,
新店區,國校路,６５巷,
新店區,大同街,,
新店區,大同街,８巷,
新店區,大學街,,
新店區,大學街,２１巷,
新店區,大學街,２１巷,１弄
新店區,大學街,２５巷,
新店區,大學街,２９巷,
新店區,大新街,,
新店區,大新街,１巷,
新店區,大新街,２８巷,
新店區,大新街,５巷,
新店區,大新街,５巷,１３弄
新店區,大新街,７巷,
新店區,大新街,７巷,２５弄
新店區,大新街,９巷,
新店區,大榮路,,
新店區,大榮路,１巷,
新店區,大榮路,２巷,
新店區,大豐路,,
新店區,大豐路,１１巷,
新店區,大豐路,１６巷,
新店區,大豐路,１６巷,３弄
新店區,大豐路,４１巷,
新店區,大豐路,４１巷,１０弄
新店區,大豐路,４１巷,８弄
新店區,大豐路,５１巷,
新店區,大豐路,６３巷,
新店區,大豐路,６３巷,３弄
新店區,大豐路,６８巷,
新店區,大豐路,６９巷,
新店區,大豐路,７５巷,
新店區,太平路,,
新店區,太平路,１７巷,
新店區,太平路,２８巷,
新店區,央北一路,,
新店區,央北二路,,
新店區,央北二路,２０６巷,
新店區,如意街,,
新店區,如意街,１巷,
新店區,如意街,１３巷,１弄
新店區,如意街,１３巷,３弄
新店區,如意街,２巷,
新店區,如意街,３巷,
新店區,如意街,４巷,
新店區,如意街,５巷,
新店區,如意街,６巷,
新店區,如意街,９巷,
新店區,安一路一段,,
新店區,安一路二段,,
新店區,安光路,,
新店區,安光路,１５巷,
新店區,安光路,７巷,
新店區,安利街,,
新店區,安和路一段,,
新店區,安和路一段,１７巷,
新店區,安和路一段,５２巷,
新店區,安和路三段,,
新店區,安和路三段,１１０巷,
新店區,安和路三段,１１１巷,
新店區,安和路三段,１１１巷,４弄
新店區,安和路三段,１１１巷,５弄
新店區,安和路三段,１１１巷,６弄
新店區,安和路三段,１１１巷,７弄
新店區,安和路三段,１１１巷,８弄
新店區,安和路三段,１１１巷,９弄
新店區,安和路三段,１２０巷,
新店區,安和路三段,１４５巷,
新店區,安和路三段,１７５巷,
新店區,安和路三段,２１巷,
新店區,安和路三段,４５巷,
新店區,安和路三段,４７巷,
新店區,安和路三段,５５巷,
新店區,安和路三段,６６巷,
新店區,安和路三段,７４巷,
新店區,安和路三段,８７巷,
新店區,安和路三段,９巷,
新店區,安和路二段,,
新店區,安和路二段,１００巷,
新店區,安和路二段,１１３巷,１弄
新店區,安和路二段,１１３巷,３弄
新店區,安和路二段,１１７巷,
新店區,安和路二段,１４６巷,
新店區,安和路二段,１６９巷,
新店區,安和路二段,２０５巷,
新店區,安和路二段,２１７巷,
新店區,安和路二段,２２３巷,
新店區,安和路二段,２２９巷,
新店區,安平路,,
新店區,安平路,１１巷,
新店區,安平路,１３巷,
新店區,安平路,３５巷,
新店區,安康路一段,,
新店區,安康路一段,１０６巷,
新店區,安康路一段,１０６巷,５弄
新店區,安康路一段,１１０巷,
新店區,安康路一段,１８４巷,
新店區,安康路一段,１９５巷,
新店區,安康路一段,１９５巷,１弄
新店區,安康路一段,１９５巷,８弄
新店區,安康路一段,２０７巷,
新店區,安康路一段,２０７巷,２８弄
新店區,安康路一段,２０７巷,６弄
新店區,安康路一段,２３０巷,
新店區,安康路一段,２４巷,
新店區,安康路一段,２４７巷,
新店區,安康路一段,２４７巷,２弄
新店區,安康路一段,２４７巷,２１弄
新店區,安康路一段,２４７巷,２８弄
新店區,安康路一段,２４７巷,３４弄
新店區,安康路一段,２４７巷,４弄
新店區,安康路一段,２６３巷,
新店區,安康路一段,２６３巷,３６弄
新店區,安康路一段,２６６巷,
新店區,安康路一段,２８１巷,
新店區,安康路一段,２８１巷,１２弄
新店區,安康路一段,２９巷,
新店區,安康路一段,２９１巷,
新店區,安康路一段,２９８巷,
新店區,安康路一段,３１７巷,
新店區,安康路一段,３２１巷,
新店區,安康路一段,４６巷,
新店區,安康路一段,５２巷,
新店區,安康路一段,７６巷,
新店區,安康路一段,７６巷,７弄
新店區,安康路一段,７９巷,
新店區,安康路三段,,
新店區,安康路三段,１６５巷,
新店區,安康路三段,１６５巷,２弄
新店區,安康路三段,２０７巷,
新店區,安康路三段,２０７巷,１７弄
新店區,安康路三段,２０７巷,２６弄
新店區,安康路三段,３１巷,１弄
新店區,安康路三段,３１巷,２弄
新店區,安康路三段,３５５巷,
新店區,安康路三段,３５９巷,
新店區,安康路三段,３５９巷,１０弄
新店區,安康路三段,３５９巷,１２弄
新店區,安康路三段,３６０巷,
新店區,安康路三段,４２５巷,
新店區,安康路三段,５２５巷,
新店區,安康路三段,５６１巷,
新店區,安康路三段,５６１巷,２弄
新店區,安康路三段,５７１巷,
新店區,安康路三段,５７１巷,１８弄
新店區,安康路三段,６６０巷,
新店區,安康路二段,,
新店區,安康路二段,１００巷,
新店區,安康路二段,１０７巷,
新店區,安康路二段,１３６巷,
新店區,安康路二段,１４２巷,
新店區,安康路二段,１４２巷,１弄
新店區,安康路二段,１５８巷,
新店區,安康路二段,１５９巷,
新店區,安康路二段,１６巷,
新店區,安康路二段,１６巷,３５弄
新店區,安康路二段,１７２巷,
新店區,安康路二段,１７３巷,
新店區,安康路二段,１８３巷,
新店區,安康路二段,１８３巷,１９弄
新店區,安康路二段,１９７巷,
新店區,安康路二段,２０５巷,
新店區,安康路二段,２０６巷,
新店區,安康路二段,２０７巷,
新店區,安康路二段,２１９巷,
新店區,安康路二段,２２８巷,
新店區,安康路二段,２２８巷,２弄
新店區,安康路二段,２２８巷,３５弄
新店區,安康路二段,２２８巷,４１弄
新店區,安康路二段,２３４巷,
新店區,安康路二段,２４２巷,
新店區,安康路二段,２５４巷,
新店區,安康路二段,２８９巷,
新店區,安康路二段,２９３巷,
新店區,安康路二段,３２０巷,
新店區,安康路二段,３２０巷,１５弄
新店區,安康路二段,３２０巷,３弄
新店區,安康路二段,３４１巷,
新店區,安康路二段,３９７巷,
新店區,安康路二段,４１４巷,
新店區,安康路二段,４５６巷,
新店區,安康路二段,５３巷,
新店區,安康路二段,５３巷,２弄
新店區,安康路二段,５８巷,
新店區,安康路二段,５９巷,
新店區,安康路二段,６９巷,
新店區,安康路二段,７２巷,
新店區,安康路二段,８５巷,
新店區,安康路二段,８５巷,５弄
新店區,安康路二段,９１巷,
新店區,安德街,,
新店區,安德街,１１５巷,
新店區,安德街,１１６巷,
新店區,安德街,１１６巷,２６弄
新店區,安德街,１２０巷,
新店區,安德街,１３０巷,
新店區,安德街,１４８巷,
新店區,安德街,１４８巷,１１弄
新店區,安德街,１４８巷,１２弄
新店區,安德街,２６巷,
新店區,安德街,４６巷,
新店區,安德街,５１巷,
新店區,安德街,５７巷,
新店區,安德街,６０巷,
新店區,安德街,７１巷,
新店區,安德街,７４巷,
新店區,安德街,８２巷,
新店區,安忠路,,
新店區,安忠路,振華巷,
新店區,安忠路,１０巷,
新店區,安忠路,１００巷,
新店區,安忠路,１０２巷,
新店區,安忠路,１１６巷,
新店區,安忠路,１２４巷,
新店區,安忠路,１５５巷,
新店區,安忠路,１５９巷,
新店區,安忠路,１６３巷,
新店區,安忠路,１６７巷,
新店區,安忠路,１７１巷,
新店區,安忠路,１７５巷,
新店區,安忠路,５４巷,
新店區,安忠路,５６巷,
新店區,安忠路,５７巷,
新店區,安忠路,５７巷,１１弄
新店區,安忠路,５７巷,２６弄
新店區,安忠路,５７巷,７弄
新店區,安忠路,５７巷,９弄
新店區,安忠路,６３巷,
新店區,安忠路,６５巷,
新店區,安忠路,７１巷,
新店區,安忠路,８１巷,
新店區,安忠路,８４巷,
新店區,安忠路,８８巷,
新店區,安忠路,９１巷,
新店區,安忠路,９２巷,
新店區,安忠路,９２巷,１弄
新店區,安忠路,９２巷,３弄
新店區,安忠路,９８巷,
新店區,安成街,,
新店區,安成街,２巷,
新店區,安業街,,
新店區,安業街,１０１巷,
新店區,安業街,１５１巷,
新店區,安業街,２１５巷,
新店區,安業街,４７巷,
新店區,安業街,４７巷,１９弄
新店區,安業街,４７巷,９弄
新店區,安業街,６５巷,
新店區,安業街,６５巷,１０弄
新店區,安業街,６５巷,１３弄
新店區,安業街,６５巷,１６弄
新店區,安業街,６５巷,５弄
新店區,安業街,６７巷,
新店區,安業街,８巷,
新店區,安樂街,,
新店區,安樂街,１４巷,
新店區,安樂街,２２巷,
新店區,安民街,,
新店區,安民街,１１５巷,
新店區,安民街,１２１巷,
新店區,安民街,１３３巷,
新店區,安民街,１４８巷,
新店區,安民街,１５６巷,
新店區,安民街,１６８巷,
新店區,安民街,１９０巷,
新店區,安民街,２５１巷,
新店區,安民街,２５１巷,１０弄
新店區,安民街,２６９巷,
新店區,安民街,３巷,
新店區,安民街,３巷,６弄
新店區,安民街,３０３巷,
新店區,安民街,３０３巷,９弄
新店區,安民街,３１２巷,
新店區,安民街,３１３巷,
新店區,安民街,３２２巷,
新店區,安民街,３２３巷,
新店區,安民街,３２８巷,
新店區,安民街,３５巷,
新店區,安民街,３５巷,９弄
新店區,安民街,３６５巷,
新店區,安民街,３６５巷,１弄
新店區,安民街,３６５巷,１０弄
新店區,安民街,３６５巷,７弄
新店區,安民街,３７９巷,
新店區,安民街,６５巷,
新店區,安民街,７０巷,
新店區,安民街,７８巷,
新店區,安民街,８８巷,
新店區,安泰路,,
新店區,安泰路,１１巷,
新店區,安泰路,１２巷,
新店區,安泰路,１９巷,
新店區,安泰路,４５巷,
新店區,安泰路,６０巷,
新店區,安泰路,６０巷,１３４弄
新店區,安泰路,６０巷,２８弄
新店區,安泰路,６０巷,５５弄
新店區,安泰路,６０巷,９０弄
新店區,安泰路,７巷,
新店區,安祥路,,
新店區,安祥路,１０２巷,
新店區,安祥路,１０２巷,１２１弄
新店區,安祥路,１０２巷,３０弄
新店區,安祥路,１０２巷,４２弄
新店區,安祥路,１０２巷,４６弄
新店區,安祥路,１０２巷,９６弄
新店區,安祥路,１０２巷,９８弄
新店區,安祥路,１０４巷,
新店區,安祥路,１０４巷,１弄
新店區,安祥路,１０４巷,１１弄
新店區,安祥路,１０４巷,６弄
新店區,安祥路,１０６巷,
新店區,安祥路,１０６巷,１３１弄
新店區,安祥路,１０６巷,２００弄
新店區,安祥路,１０６巷,６弄
新店區,安祥路,１０６巷,８弄
新店區,安祥路,１０８巷,
新店區,安祥路,１０９巷,
新店區,安祥路,１０９巷,１弄
新店區,安祥路,１０９巷,１５１弄
新店區,安祥路,１０９巷,３弄
新店區,安祥路,１０９巷,６弄
新店區,安祥路,１０９巷,８５弄
新店區,安祥路,１０９巷,９０弄
新店區,安祥路,１１０巷,
新店區,安祥路,１１０巷,１７弄
新店區,安祥路,１１０巷,３０弄
新店區,安祥路,１４５巷,
新店區,安祥路,１４７巷,
新店區,安祥路,１５２巷,
新店區,安祥路,１５２巷,２弄
新店區,安祥路,１５６巷,
新店區,安祥路,１５８巷,
新店區,安祥路,１９０巷,
新店區,安祥路,６０巷,
新店區,安祥路,６７巷,
新店區,安祥路,６７巷,２８弄
新店區,安祥路,６７巷,５０弄
新店區,安祥路,６９巷,
新店區,安祥路,６９巷,２弄
新店區,安祥路,６９巷,４１弄
新店區,安祥路,６９巷,５２弄
新店區,安祥路,６９巷,５４弄
新店區,安祥路,６９巷,８９弄
新店區,安祥路,７３巷,
新店區,安祥路,９７巷,
新店區,安興路,,
新店區,安興路,１００巷,
新店區,安興路,１３１巷,
新店區,安興路,３巷,
新店區,安興路,３１巷,
新店區,安興路,４５巷,
新店區,安興路,６５巷,
新店區,安興路,９１巷,
新店區,安興路,９５巷,
新店區,安華路,,
新店區,安華路,２１巷,
新店區,安華路,３０巷,
新店區,安豐路,,
新店區,安豐路,２２巷,
新店區,富貴街,１０巷,
新店區,富貴街,１１巷,
新店區,富貴街,１２巷,
新店區,富貴街,１４巷,
新店區,富貴街,１６巷,
新店區,富貴街,１８巷,
新店區,富貴街,２０巷,
新店區,富貴街,２１巷,
新店區,富貴街,２３巷,
新店區,富貴街,６巷,
新店區,富貴街,８巷,
新店區,富貴街,９巷,
新店區,寶中路,,
新店區,寶中路,１１３巷,
新店區,寶中路,１２３巷,
新店區,寶中路,６５巷,
新店區,寶中路,９３巷,
新店區,寶中路,９７巷,
新店區,寶元路一段,,
新店區,寶元路一段,１５巷,
新店區,寶元路一段,３４巷,
新店區,寶元路一段,４２巷,
新店區,寶元路一段,５０巷,
新店區,寶元路一段,６３巷,
新店區,寶元路一段,７４巷,
新店區,寶元路一段,８０巷,
新店區,寶元路一段,８４巷,
新店區,寶元路一段,８５巷,
新店區,寶元路一段,８５巷,６弄
新店區,寶元路一段,８７巷,
新店區,寶元路一段,９３巷,
新店區,寶元路二段,,
新店區,寶元路二段,１巷,
新店區,寶元路二段,１４巷,
新店區,寶元路二段,１６巷,
新店區,寶元路二段,１７巷,
新店區,寶元路二段,１８巷,
新店區,寶元路二段,３０巷,
新店區,寶元路二段,３１巷,
新店區,寶元路二段,３５巷,
新店區,寶元路二段,３８巷,
新店區,寶元路二段,６巷,
新店區,寶元路二段,６４巷,
新店區,寶安街,,
新店區,寶安街,１６巷,
新店區,寶安街,２巷,
新店區,寶安街,２０巷,
新店區,寶安街,４巷,
新店區,寶安街,５８巷,
新店區,寶安街,６巷,
新店區,寶安街,６８巷,
新店區,寶安街,６８巷,７弄
新店區,寶安街,７６巷,
新店區,寶安街,７８巷,
新店區,寶安街,８０巷,
新店區,寶安街,８２巷,
新店區,寶宏路,,
新店區,寶宏路,１３巷,
新店區,寶宏路,４０巷,
新店區,寶強路,,
新店區,寶慶街,,
新店區,寶慶街,３２巷,
新店區,寶慶街,３２巷,５弄
新店區,寶慶街,３５巷,
新店區,寶慶街,３５巷,１弄
新店區,寶慶街,３５巷,１６弄
新店區,寶慶街,３５巷,３弄
新店區,寶慶街,５８巷,
新店區,寶慶街,５８巷,１弄
新店區,寶慶街,５８巷,３弄
新店區,寶橋路,,
新店區,寶橋路,１巷,
新店區,寶橋路,１４０巷,
新店區,寶橋路,１５４巷,
新店區,寶橋路,１７巷,
新店區,寶橋路,２０５巷,
新店區,寶橋路,２１７巷,
新店區,寶橋路,２３２巷,
新店區,寶橋路,２３５巷,
新店區,寶橋路,２３５巷,１弄
新店區,寶橋路,２３５巷,１６弄
新店區,寶橋路,２３５巷,６弄
新店區,寶橋路,２３７巷,
新店區,寶橋路,２５０巷,
新店區,寶橋路,２９巷,
新店區,寶橋路,５５巷,
新店區,寶橋路,６巷,
新店區,寶橋路,７３巷,
新店區,寶橋路,７８巷,
新店區,寶橋路,８５巷,
新店區,寶橋路,８５巷,３３弄
新店區,寶福街,,
新店區,寶興路,,
新店區,寶興路,４２巷,
新店區,寶興路,４５巷,
新店區,寶興路,４５巷,２弄
新店區,寶興路,４５巷,６弄
新店區,寶興路,４５巷,８弄
新店區,寶興路,４５巷,９弄
新店區,寶興路,５８巷,
新店區,寶興路,６０巷,
新店區,寶興路,６１巷,
新店區,寶興路,６２巷,
新店區,寶興路,６３巷,
新店區,寶興路,６４巷,
新店區,寶興路,６５巷,
新店區,寶興路,６６巷,
新店區,寶興路,６７巷,
新店區,寶興路,６８巷,
新店區,寶興路,７０巷,
新店區,寶興路,８７巷,
新店區,寶高路,,
新店區,寶高路,１０２巷,
新店區,寶高路,１２０巷,
新店區,寶高路,１２０巷,３弄
新店區,寶高路,１２０巷,４弄
新店區,寶高路,１２０巷,５弄
新店區,寶高路,１２０巷,６弄
新店區,寶高路,１２０巷,７弄
新店區,寶高路,１２０巷,８弄
新店區,寶高路,１２０巷,９弄
新店區,寶高路,７巷,
新店區,小坑一路,,
新店區,小坑一路,１巷,
新店區,小坑一路,３５巷,
新店區,小坑一路,４６巷,
新店區,小坑一路,７３巷,
新店區,小坑一路,９７巷,
新店區,小坑三路,,
新店區,小坑三路,１１１巷,
新店區,小坑三路,１３１巷,
新店區,小坑三路,６１巷,
新店區,小坑二路,,
新店區,小坑二路,１２６巷,
新店區,小坑二路,２巷,
新店區,小坑二路,６０巷,
新店區,小坑二路,８５巷,
新店區,屈尺路,,
新店區,屈尺路,柏園巷,
新店區,屈尺路,６２巷,
新店區,屈尺路,８７巷,
新店區,屈尺路,９９巷,
新店區,平廣路一段,,
新店區,平廣路一段,１７０巷,
新店區,平廣路一段,１８１巷,
新店區,平廣路一段,２０１巷,
新店區,平廣路一段,２０１巷,１０１弄
新店區,平廣路一段,２０１巷,４１弄
新店區,平廣路一段,２０１巷,７１弄
新店區,平廣路一段,２０１巷,９１弄
新店區,平廣路一段,２０２巷,
新店區,平廣路一段,２０２巷,２弄
新店區,平廣路一段,２０２巷,５弄
新店區,平廣路一段,２４０巷,
新店區,平廣路一段,２５１巷,
新店區,平廣路一段,３１０巷,
新店區,平廣路一段,３５巷,
新店區,平廣路一段,３６１巷,
新店區,平廣路一段,３７０巷,
新店區,平廣路一段,３８１巷,
新店區,平廣路一段,３８５巷,
新店區,平廣路一段,８８巷,
新店區,平廣路一段,９２巷,
新店區,平廣路二段,,
新店區,平廣路二段,１０２巷,
新店區,平廣路二段,１１２巷,
新店區,平廣路二段,１３１巷,
新店區,平廣路二段,１３７巷,
新店區,平廣路二段,１４１巷,
新店區,平廣路二段,１６０巷,
新店區,平廣路二段,２０１巷,
新店區,平廣路二段,２６５巷,
新店區,平等街,,
新店區,平等街,４６巷,
新店區,平等街,４８巷,
新店區,康雅崙路,,
新店區,廣興路,,
新店區,廣興路,松碧巷,
新店區,廣興路,１１１巷,
新店區,廣興路,１３２巷,
新店區,廣興路,１３８巷,
新店區,廣興路,２７巷,
新店區,廣興路,５巷,
新店區,廣興路,６０巷,
新店區,廣興路,６０巷,３６弄
新店區,廣興路,６０巷,８弄
新店區,廣興路,６６巷,
新店區,廣興路,６６巷,１弄
新店區,廣興路,６６巷,７弄
新店區,廣興路,６８巷,
新店區,廣興路,７６巷,
新店區,廣興路,９８巷,
新店區,廣興路,９８巷,２弄
新店區,建國路,,
新店區,建國路,１０２巷,
新店區,建國路,１０７巷,
新店區,建國路,１２３巷,
新店區,建國路,１２８巷,
新店區,建國路,１９巷,
新店區,建國路,１９８巷,
新店區,建國路,２２５巷,
新店區,建國路,２９１巷,
新店區,建國路,２９３巷,
新店區,建國路,３３巷,
新店區,建國路,３５巷,
新店區,建國路,３７巷,
新店區,建國路,５０巷,
新店區,建國路,６０巷,
新店區,建國路,９７巷,
新店區,建國路,９９巷,
新店區,建安街,,
新店區,建安街,１５巷,
新店區,建安街,３３巷,
新店區,建業路,,
新店區,建興街,,
新店區,建興街,９巷,
新店區,復興路,,
新店區,復興路,１巷,
新店區,復興路,１０９巷,
新店區,復興路,２巷,
新店區,復興路,２０巷,
新店區,復興路,２９巷,
新店區,復興路,３４巷,
新店區,復興路,４２巷,
新店區,復興路,５６巷,
新店區,復興路,６５巷,
新店區,復興路,７８巷,
新店區,復興路,８０巷,
新店區,復興路,９２巷,
新店區,德正街,,
新店區,德正街,１７巷,
新店區,德正街,１９巷,
新店區,德正街,２１巷,
新店區,德正街,２３巷,
新店區,德正街,２５巷,
新店區,德正街,２７巷,
新店區,德正街,２７巷,２９弄
新店區,成功路,,
新店區,成功路,１４２巷,
新店區,成功路,１５１巷,
新店區,成功路,１６０巷,
新店區,成功路,２０１巷,
新店區,成功路,２３０巷,
新店區,成功路,５０巷,
新店區,成功路,８０巷,
新店區,文中路,,
新店區,文中路,３５巷,
新店區,文中路,３９巷,
新店區,文中路,５３巷,
新店區,文中路,５７巷,
新店區,文中路,６３巷,
新店區,文中路,６４巷,
新店區,文化路,,
新店區,文化路,１巷,
新店區,文化路,２１巷,
新店區,文化路,２１巷,１０弄
新店區,文化路,２１巷,３弄
新店區,文化路,２１巷,５弄
新店區,文化路,３０巷,
新店區,文化路,３０巷,２弄
新店區,文化路,３７巷,
新店區,文化路,３７巷,５弄
新店區,文化路,３７巷,７弄
新店區,文化路,６９巷,
新店區,文化路,７１巷,
新店區,文化路,７１巷,２２弄
新店區,文化路,７３巷,
新店區,文化路,７５巷,
新店區,文化路,７８巷,１弄
新店區,文化路,７８巷,３弄
新店區,文化路,８０巷,
新店區,文記街,,
新店區,斯馨路,,
新店區,斯馨路,７１巷,
新店區,新和街,,
新店區,新和街,１１６巷,
新店區,新和街,１１６巷,５弄
新店區,新和街,３１巷,
新店區,新和街,３１巷,１０弄
新店區,新和街,３１巷,１２弄
新店區,新和街,３２巷,
新店區,新和街,４８巷,
新店區,新和街,５９巷,
新店區,新和街,６６巷,１弄
新店區,新和街,６６巷,２弄
新店區,新和街,９３巷,
新店區,新和街,９３巷,１６弄
新店區,新和街,９３巷,６弄
新店區,新坡一街,,
新店區,新坡一街,１８巷,１弄
新店區,新坡一街,１８巷,２弄
新店區,新坡一街,１８巷,３弄
新店區,新坡一街,１８巷,４弄
新店區,新坡一街,１８巷,５弄
新店區,新坡一街,１８巷,６弄
新店區,新坡一街,１８巷,７弄
新店區,新坡一街,１８巷,８弄
新店區,新店後街,,
新店區,新店後街,２巷,
新店區,新店路,,
新店區,新明街,,
新店區,新明街,１２巷,
新店區,新明街,２６巷,
新店區,新潭路一段,,
新店區,新潭路一段,１２０巷,
新店區,新潭路一段,１２０巷,１８弄
新店區,新潭路一段,１４０巷,
新店區,新潭路一段,１６０巷,
新店區,新潭路一段,１８巷,
新店區,新潭路一段,２２巷,
新店區,新潭路一段,３９巷,
新店區,新潭路一段,５０巷,
新店區,新潭路一段,６巷,
新店區,新潭路一段,６巷,２弄
新店區,新潭路三段,,
新店區,新潭路三段,１巷,
新店區,新潭路三段,１１２巷,
新店區,新潭路三段,１２１巷,
新店區,新潭路三段,１６０巷,
新店區,新潭路三段,２１５巷,
新店區,新潭路三段,２１５巷,２８弄
新店區,新潭路三段,２３１巷,
新店區,新潭路三段,２４巷,
新店區,新潭路三段,４１巷,
新店區,新潭路三段,４５巷,
新店區,新潭路三段,８０巷,
新店區,新潭路三段,８０巷,４８弄
新店區,新潭路三段,８０巷,６０弄
新店區,新潭路三段,８１巷,
新店區,新潭路二段,,
新店區,新潭路二段,１４０巷,
新店區,新潭路二段,１７５巷,
新店區,新潭路二段,１９０巷,
新店區,新潭路二段,６２巷,
新店區,新潭路二段,６２巷,１１弄
新店區,新潭路二段,６２巷,２１弄
新店區,新烏路一段,,
新店區,新烏路一段,１０巷,
新店區,新烏路一段,１０５巷,
新店區,新烏路一段,１１巷,
新店區,新烏路一段,１１巷,１弄
新店區,新烏路一段,１７巷,
新店區,新烏路一段,２６巷,
新店區,新烏路一段,４６巷,
新店區,新烏路一段,８５巷,
新店區,新烏路一段,８７巷,
新店區,新烏路三段,,
新店區,新烏路三段,寶島巷,
新店區,新烏路三段,寶島巷,２弄
新店區,新烏路三段,１６５巷,
新店區,新烏路三段,１９６巷,
新店區,新烏路三段,２２０巷,
新店區,新烏路三段,２３０巷,
新店區,新烏路三段,２６８巷,
新店區,新烏路三段,２９０巷,
新店區,新烏路三段,３４０巷,
新店區,新烏路三段,９９巷,
新店區,新烏路二段,,
新店區,新烏路二段,１９８巷,２弄
新店區,新烏路二段,１９８巷,４弄
新店區,新烏路二段,２００巷,
新店區,新烏路二段,３６９巷,
新店區,新烏路二段,３９１巷,
新店區,新烏路二段,４１９巷,
新店區,新烏路二段,５０巷,
新店區,新烏路二段,５０巷,１２弄
新店區,新烏路二段,５０巷,１８弄
新店區,新生街,,
新店區,新生街,１０巷,
新店區,新生街,１３巷,
新店區,新生街,１３巷,１２弄
新店區,新生街,１３巷,２８弄
新店區,新生街,１８巷,
新店區,新生街,２０巷,
新店區,新生街,２７巷,
新店區,新生街,３巷,
新店區,新生街,５巷,
新店區,新祥街,,
新店區,日月街,,
新店區,明山路,,
新店區,明山路,１巷,
新店區,明山路,１巷,９弄
新店區,明山路,２巷,
新店區,明山路,２４巷,
新店區,明德路,,
新店區,明德路,１０９巷,
新店區,明德路,１０９巷,１０弄
新店區,明德路,２６巷,
新店區,明德路,６１巷,
新店區,明德路,６３巷,
新店區,明德路,６５巷,
新店區,明德路,６７巷,
新店區,明德路,６９巷,
新店區,明德路,７５巷,
新店區,明德路,８１巷,
新店區,松林路,,
新店區,松林路,１４巷,
新店區,松林路,１６巷,
新店區,松林路,４１巷,
新店區,松林路,４３巷,
新店區,柴埕路,,
新店區,柴埕路,２０巷,
新店區,柴埕路,２２巷,
新店區,柴埕路,３６巷,
新店區,柴埕路,５２巷,
新店區,柴埕路,６０巷,
新店區,桂山路,,
新店區,桂山路,１００巷,
新店區,桂山路,１７１巷,
新店區,桂山路,１７１巷,３５弄
新店區,桂山路,１７１巷,７弄
新店區,桂山路,１７３巷,
新店區,桂山路,１９７巷,
新店區,桂山路,２９巷,
新店區,桂山路,５１巷,
新店區,桂山路,６１巷,
新店區,桂山路,６１巷,３２弄
新店區,桂山路,６８巷,
新店區,桂山路,７１巷,
新店區,桂山路,８１巷,
新店區,桃李一路,,
新店區,桃李二路,,
新店區,梅崗一路,,
新店區,梅崗三路,,
新店區,梅花一路,,
新店區,橘園一路,,
新店區,檳榔路,,
新店區,檳榔路,１１０巷,
新店區,檳榔路,１９巷,
新店區,檳榔路,２２巷,
新店區,檳榔路,２９巷,
新店區,檳榔路,２９巷,１弄
新店區,檳榔路,３５巷,
新店區,檳榔路,３６巷,
新店區,檳榔路,４１巷,
新店區,檳榔路,４３巷,
新店區,檳榔路,５巷,
新店區,檳榔路,５３巷,
新店區,檳榔路,７２巷,
新店區,檳榔路,８６巷,
新店區,檳榔路,９６巷,
新店區,櫻花街,,
新店區,櫻花街,１６巷,
新店區,櫻花街,１６巷,６弄
新店區,櫻花街,５５巷,
新店區,櫻花街,７巷,
新店區,民族路,,
新店區,民族路,１６０巷,
新店區,民族路,４８巷,
新店區,民族路,４８巷,９弄
新店區,民族路,６２巷,
新店區,民族路,８３巷,
新店區,民權路,,
新店區,民權路,１１巷,
新店區,民權路,１２２巷,
新店區,民權路,１２７巷,
新店區,民權路,１３０巷,
新店區,民權路,１８６巷,
新店區,民權路,３６巷,
新店區,民權路,４２巷,
新店區,民權路,４２巷,３０弄
新店區,民權路,４２巷,４７弄
新店區,民權路,４２巷,５４弄
新店區,民權路,４２巷,５９弄
新店區,民權路,４２巷,６弄
新店區,民權路,９０巷,
新店區,民生路,,
新店區,民生路,１４５巷,
新店區,民生路,１４７巷,
新店區,民生路,１４９巷,
新店區,民生路,１５６巷,
新店區,民生路,１５８巷,
新店區,民生路,５５巷,
新店區,民生路,７５巷,
新店區,永安街,,
新店區,永安街,１０９巷,
新店區,永安街,２０巷,
新店區,永安街,２６巷,
新店區,永安街,３４巷,
新店區,永安街,５巷,
新店區,永安街,５巷,８弄
新店區,永安街,５１巷,
新店區,永安街,５６巷,
新店區,永安街,５６巷,８弄
新店區,永安街,６１巷,
新店區,永安街,６２巷,
新店區,永安街,６３巷,
新店區,永安街,６８巷,
新店區,永安街,７４巷,
新店區,永安街,７５巷,
新店區,永安街,８０巷,
新店區,永安街,８３巷,
新店區,永安街,８３巷,１７弄
新店區,永安街,８３巷,３弄
新店區,永安街,９２巷,
新店區,永安街,９４巷,
新店區,永平街,,
新店區,永平街,１６巷,
新店區,永平街,２３巷,
新店區,永平街,２５巷,
新店區,永平街,３７巷,
新店區,永平街,５１巷,
新店區,永平街,５３巷,
新店區,永平街,６９巷,
新店區,永平街,７７巷,
新店區,永平街,８３巷,
新店區,永新街,,
新店區,永新街,１９巷,
新店區,永業路,,
新店區,永業路,１４巷,
新店區,永業路,２２巷,
新店區,永業路,２６巷,
新店區,永業路,３１巷,
新店區,永業路,３３巷,
新店區,永業路,４巷,
新店區,永業路,４９巷,
新店區,永業路,５巷,
新店區,永業路,５１巷,
新店區,永業路,８１巷,
新店區,永業路,８１巷,１弄
新店區,永業路,８１巷,１１弄
新店區,永業路,８１巷,１３弄
新店區,永業路,８１巷,３弄
新店區,永業路,８１巷,５弄
新店區,永業路,８１巷,７弄
新店區,永業路,８１巷,９弄
新店區,永福路,,
新店區,永興路,,
新店區,永華街,,
新店區,永華街,３３巷,
新店區,涵碧路,,
新店區,湖子內路,,
新店區,湖興路,,
新店區,溪園路,,
新店區,溪園路,１０１巷,１７弄
新店區,溪園路,４３巷,
新店區,溪園路,７７巷,
新店區,溪洲路,,
新店區,溪洲路,６巷,
新店區,溪洲路,８巷,
新店區,灣潭路,,
新店區,玉山路,,
新店區,玫瑰路,,
新店區,玫瑰路,４５巷,
新店區,玫瑰路,４７巷,
新店區,玫瑰路,４９巷,
新店區,玫瑰路,５１巷,
新店區,玫瑰路,５３巷,
新店區,玫瑰路,５５巷,
新店區,玫瑰路,５７巷,
新店區,玫瑰路,５８巷,
新店區,玫瑰路,５９巷,
新店區,玫瑰路,６０巷,
新店區,玫瑰路,６１巷,
新店區,玫瑰路,６２巷,
新店區,玫瑰路,６４巷,
新店區,玫瑰路,６６巷,
新店區,環河路,,
新店區,環河路,１１４巷,
新店區,環河路,１９巷,
新店區,環河路,１９巷,２弄
新店區,環河路,１９巷,３弄
新店區,環河路,１９巷,７弄
新店區,環河路,２９巷,
新店區,環河路,３巷,
新店區,環河路,４４巷,
新店區,環河路,４４巷,１弄
新店區,環河路,８０巷,
新店區,環湖路,,
新店區,百忍街,,
新店區,百忍街,１０巷,
新店區,百忍街,１７巷,
新店區,百忍街,２９巷,２弄
新店區,百忍街,２９巷,３弄
新店區,百忍街,４２巷,
新店區,百忍街,４３巷,１弄
新店區,百忍街,４３巷,２弄
新店區,百忍街,４３巷,３弄
新店區,百忍街,４３巷,４弄
新店區,百忍街,５０巷,
新店區,百忍街,５０巷,２弄
新店區,百忍街,５０巷,４弄
新店區,百忍街,６６巷,
新店區,百忍街,９巷,
新店區,百齡一路,,
新店區,百齡二路,,
新店區,直潭一街,,
新店區,直潭七街,,
新店區,直潭三街,,
新店區,直潭九街,,
新店區,直潭二街,,
新店區,直潭五街,,
新店區,直潭八街,,
新店區,直潭六街,,
新店區,直潭十街,,
新店區,直潭四街,,
新店區,直潭路,,
新店區,碧安街,,
新店區,碧安街,１１巷,
新店區,碧安街,１３巷,
新店區,碧安街,１５巷,
新店區,碧安街,６巷,
新店區,碧安街,７巷,
新店區,碧安街,９巷,
新店區,碧潭路,,
新店區,碧潭路,７７巷,
新店區,祥和路,,
新店區,福園街,,
新店區,福園街,１０巷,
新店區,福園街,１２巷,
新店區,福園街,１４巷,
新店區,福園街,１７巷,
新店區,福園街,１９巷,
新店區,福園街,２１巷,
新店區,福園街,２３巷,
新店區,福園街,５巷,
新店區,福園街,６巷,
新店區,福園街,８巷,
新店區,禾和一街,,
新店區,禾豐一路,,
新店區,禾豐一路,８巷,
新店區,禾豐七路,,
新店區,禾豐七路,１１３巷,
新店區,禾豐七路,１１３巷,３０弄
新店區,禾豐七路,１２７巷,
新店區,禾豐七路,１３６巷,
新店區,禾豐七路,１３６巷,２６弄
新店區,禾豐七路,１５０巷,
新店區,禾豐七路,３巷,
新店區,禾豐七路,７巷,
新店區,禾豐七路,８巷,
新店區,禾豐三路,,
新店區,禾豐三路,３巷,
新店區,禾豐九路,,
新店區,禾豐九路,２５巷,
新店區,禾豐二路,,
新店區,禾豐二路,１７巷,
新店區,禾豐二路,２巷,
新店區,禾豐二路,３９巷,
新店區,禾豐二路,６２巷,
新店區,禾豐二路,９４巷,
新店區,禾豐五路,,
新店區,禾豐五路,２巷,
新店區,禾豐五路,３５巷,
新店區,禾豐六路,,
新店區,禾豐六路,１７巷,
新店區,禾豐六路,１９巷,
新店區,禾豐六路,２巷,
新店區,禾豐十一路,,
新店區,秀山路,,
新店區,秀山路,１１巷,
新店區,秀山路,１１巷,１２弄
新店區,秀山路,１１巷,１８弄
新店區,秀山路,１１巷,２０弄
新店區,秀山路,１１巷,２６弄
新店區,秀山路,２３巷,
新店區,秀山路,２６巷,
新店區,秀山路,４５巷,
新店區,秀岡三街,,
新店區,秀岡三街,１２巷,
新店區,秀岡三街,１２巷,１４弄
新店區,秀岡三街,２７巷,
新店區,秀岡三街,７巷,
新店區,秀岡二街,,
新店區,秀岡二街,１６巷,
新店區,秀岡二街,８巷,
新店區,秀岡五街,,
新店區,秀岡五街,２巷,
新店區,秀岡六街一段,,
新店區,秀峯路,,
新店區,秀峯路,７５巷,
新店區,秀水路,,
新店區,秀水路,３３巷,
新店區,秀水路,６巷,
新店區,竹林路,,
新店區,竹林路,２巷,
新店區,竹林路,２巷,２７弄
新店區,竹林路,２巷,２９弄
新店區,竹林路,２巷,３４弄
新店區,竹林路,２巷,３６弄
新店區,竹林路,２５巷,
新店區,竹林路,２５巷,１弄
新店區,竹林路,２６巷,
新店區,竹林路,３０巷,
新店區,竹林路,６１巷,
新店區,竹林路,７２巷,
新店區,竹林路,８７巷,
新店區,竹林路,９７巷,
新店區,精忠路,,
新店區,翠峯路,,
新店區,翠峯路,５５巷,
新店區,翠峯路,６０巷,
新店區,翠峯路,７０巷,
新店區,翠峯路,７２巷,
新店區,翠峯路,８５巷,
新店區,能仁街,,
新店區,自強路,,
新店區,自強路,１０６巷,
新店區,自強路,１９巷,
新店區,自強路,２１巷,
新店區,自強路,２３巷,
新店區,自強路,２４３巷,
新店區,自強路,５５巷,
新店區,自強路,７４巷,
新店區,自由街,,
新店區,自立街,,
新店區,自立街,１３０巷,
新店區,自立街,１３２巷,
新店區,自立街,１３４巷,
新店區,自立街,３９巷,
新店區,自立街,４５巷,
新店區,花園一路一段,,
新店區,花園一路三段,,
新店區,花園一路三段,５２巷,
新店區,花園一路二段,,
新店區,花園一路四段,,
新店區,花園七路,,
新店區,花園七路一段,,
新店區,花園七路一段,１６巷,
新店區,花園二路一段,,
新店區,花園二路三段,,
新店區,花園二路二段,,
新店區,花園五路一段,,
新店區,花園五路一段,２巷,
新店區,花園五路二段,,
新店區,花園六路,,
新店區,花園六路三段,,
新店區,花園六路二段,,
新店區,花園十二路,,
新店區,花園十路一段,,
新店區,花園十路二段,,
新店區,莒光路,,
新店區,莒光路,２２巷,
新店區,莒光路,３８巷,
新店區,莒光路,３８巷,２弄
新店區,莒光路,４４巷,２１弄
新店區,莒光路,６１巷,
新店區,莒光路,８５巷,
新店區,莒光路,８７巷,
新店區,華中街,,
新店區,華中街,１７巷,
新店區,華中街,１９巷,
新店區,華中街,２１巷,
新店區,華中街,４７巷,
新店區,華城一路,,
新店區,華城一路,１巷,
新店區,華城一路,２之１巷,
新店區,華城一路,２巷,
新店區,華城一路,６巷,
新店區,華城一路,８巷,
新店區,華城三路,,
新店區,華城三路,１巷,
新店區,華城三路,１１巷,
新店區,華城三路,２巷,
新店區,華城三路,５巷,
新店區,華城三路,６巷,
新店區,華城三路,７巷,
新店區,華城三路,９巷,
新店區,華城三路,９巷,２弄
新店區,華城二路,,
新店區,華城二路,１巷,
新店區,華城二路,１２巷,
新店區,華城二路,２巷,
新店區,華城二路,２巷,２弄
新店區,華城二路,２巷,６弄
新店區,華城二路,２巷,８弄
新店區,華城二路,３巷,
新店區,華城二路,５巷,
新店區,華城二路,６巷,
新店區,華城二路,７巷,
新店區,華城二路,８巷,
新店區,華城六街,,
新店區,華城六街,１２２巷,
新店區,華城六街,１３３巷,
新店區,華城六街,１３５巷,
新店區,華城路,,
新店區,華城路,１０巷,
新店區,華城路,３６巷,
新店區,華城路,７３巷,
新店區,華城路,７７巷,
新店區,華城路,９９巷,
新店區,華潭街,,
新店區,華潭街,１巷,
新店區,華潭街,２６巷,１弄
新店區,華潭街,２６巷,３弄
新店區,華興街,,
新店區,華興街,１３巷,
新店區,華興街,３８巷,
新店區,薏仁坑路,,
新店區,薏仁坑路,自強巷,
新店區,蘭苑一路,,
新店區,行政街,,
新店區,行政街,１０巷,
新店區,行政街,１２巷,
新店區,行政街,１４巷,
新店區,行政街,１７巷,
新店區,行政街,１９巷,
新店區,行政街,２８巷,
新店區,裕合街,,
新店區,車子路,,
新店區,達觀路,,
新店區,達觀路,１４巷,
新店區,達觀路,２２巷,
新店區,達觀路,８巷,
新店區,郵政路,,
新店區,郵政路,１巷,
新店區,郵政路,２巷,
新店區,郵政路,３巷,
新店區,郵政路,４巷,
新店區,郵政路,５巷,
新店區,金興路,,
新店區,銀河路,,
新店區,銀河路,４５巷,
新店區,錦秀路,,
新店區,錦秀路,１１巷,
新店區,錦秀路,１１巷,９０弄
新店區,錦秀路,１１巷,９２弄
新店區,錦秀路,１１巷,９４弄
新店區,錦秀路,１１巷,９６弄
新店區,錦秀路,２０巷,
新店區,錦秀路,４１巷,
新店區,錦秀路,４９巷,
新店區,錦秀路,５２巷,
新店區,錦秀路,５７巷,
新店區,錦秀路,６０巷,
新店區,錦秀路,６３巷,
新店區,錦秀路,６８巷,
新店區,錦秀路,６９巷,
新店區,錦秀路,７０巷,
新店區,錦秀路,７１巷,
新店區,錦秀路,７２巷,
新店區,錦秀路,７４巷,
新店區,長峯路,,
新店區,長峯路,１０巷,
新店區,長春路,,
新店區,長春路,１１巷,
新店區,長春路,１１０巷,
新店區,長春路,１３巷,
新店區,長春路,１５巷,
新店區,長春路,１６巷,
新店區,長春路,１７巷,
新店區,長春路,１８巷,
新店區,長春路,１９巷,
新店區,長春路,１９１巷,
新店區,長春路,１９３巷,
新店區,長春路,２１巷,
新店區,長春路,４３巷,
新店區,長春路,９巷,
新店區,長興路,,
新店區,雙城路,,
新店區,雙城路,２巷,
新店區,雙城路,２０巷,
新店區,雙城路,４巷,
新店區,雙城路,４０巷,
新店區,雙城路,４１巷,
新店區,雙城路,４３巷,
新店區,雙城路,４５巷,
新店區,雙城路,６０巷,
新店區,雙城路,６０巷,１６弄
新店區,雙峯路,,
新店區,雙峯路,１２１巷,
新店區,雙峯路,３０巷,
新店區,青山路,,
新店區,青山路,１０１巷,
新店區,青山路,１６８巷,
新店區,青山路,２１１巷,
新店區,青山路,２１１巷,１弄
新店區,青山路,２１１巷,２弄
新店區,青山路,２１１巷,２６弄
新店區,青山路,２１１巷,２８弄
新店區,青山路,３９９巷,
新店區,青山路,６９巷,
新店區,青山路,８５巷,
新店區,青山路,８８巷,
新店區,青山路,８８巷,１弄
新店區,青山路,８８巷,１７弄
新店區,青山路,８８巷,２０弄
新店區,青山路,８８巷,２１弄
新店區,青峯路,,
新店區,青峯路,２０巷,
新店區,頂城一街,１巷,
新店區,頂城三街,,
新店區,頂城三街,１２１巷,
新店區,頂城三街,１２１巷,２弄
新店區,頂城三街,１３８巷,
新店區,頂城三街,１３８巷,１弄
新店區,頂城三街,１３８巷,１１弄
新店區,頂城三街,１３８巷,２弄
新店區,頂城三街,３５巷,
新店區,頂城三街,７７巷,
新店區,頂城三街,７７巷,１０弄
新店區,頂城二街,,
新店區,頂城二街,１５巷,
新店區,頂城二街,１６巷,
新店區,頂城二街,３２巷,
新店區,頂城二街,４５巷,
新店區,頂城二街,８１巷,
新店區,頂城五街,,
新店區,頂城五街,５５巷,
新店區,頂城五街,５５巷,１６弄
新店區,頂城五街,５５巷,７弄
新店區,頂城五街,５５巷,８弄
新店區,頂城六街,,
新店區,頂城六街,１６巷,
新店區,頂城六街,２５巷,
新店區,頂石厝路,,
新店區,順安街,,
新店區,順安街,５４巷,
新店區,順德街,,
新店區,黎明路,,
新店區,黎明路,５０巷,
新店區,黎明路,５１巷,
新店區,黎明路,５２巷,
新店區,黎明路,５３巷,
新店區,黎明路,５４巷,
新店區,黎明路,５５巷,
新店區,黎明路,５６巷,
新店區,黎明路,５７巷,
新店區,黎明路,５８巷,
新店區,黎明路,５９巷,
新店區,黎明路,６０巷,
新店區,黎明路,６１巷,
新店區,黎明路,６２巷,
新店區,黎明路,６３巷,
新店區,黎明路,６４巷,
新店區,黎明路,６５巷,
新店區,黎明路,６６巷,
新店區,黎明路,６７巷,
