路名,行政區,巷,弄
仁愛路,永和區,２０２巷,
永平路,永和區,,
永平路,永和區,３０２巷,
永平路,永和區,３０２巷,９弄
永平路,永和區,３０２巷,３０弄
永平路,永和區,３０２巷,３２弄
保安路,永和區,,
保安路,永和區,１０５巷,
保安路,永和區,１０５巷,６弄
保安路,永和區,１２５巷,１弄
保安路,永和區,１２５巷,２弄
保安路,永和區,１２５巷,
保安路,永和區,１４２巷,
保安路,永和區,１４９巷,
保安路,永和區,１４９巷,２弄
保安路,永和區,１５２巷,
保安路,永和區,２５２巷,
保安路,永和區,２６２巷,
保福路二段,永和區,１０９巷,
保福路二段,永和區,１０９巷,１６弄
保福路二段,永和區,１０９巷,３０弄
保福路二段,永和區,,
保福路二段,永和區,１３３巷,
保福路二段,永和區,１３３巷,１５弄
保福路二段,永和區,１３３巷,２４弄
保福路二段,永和區,１３３巷,３６弄
保福路二段,永和區,１３３巷,５１弄
保福路二段,永和區,１３３巷,６４弄
保福路二段,永和區,１５９巷,
保福路二段,永和區,１６３巷,
保福路二段,永和區,１６３巷,１３弄
保福路三段,永和區,,
竹林路,永和區,３９巷,
竹林路,永和區,３９巷,６弄
竹林路,永和區,３９巷,１６弄
竹林路,永和區,３９巷,２４弄
竹林路,永和區,３９巷,２８弄
竹林路,永和區,３９巷,３２弄
竹林路,永和區,３９巷,４２弄
竹林路,永和區,,
竹林路,永和區,６７巷,
竹林路,永和區,７５巷,
竹林路,永和區,７５巷,４弄
竹林路,永和區,７５巷,２５弄
竹林路,永和區,９１巷,
竹林路,永和區,９１巷,１３弄
竹林路,永和區,９１巷,１５弄
竹林路,永和區,９１巷,２１弄
竹林路,永和區,９１巷,４３弄
竹林路,永和區,９１巷,４７弄
竹林路,永和區,９１巷,５１弄
竹林路,永和區,９１巷,５３弄
環河東路一段,永和區,,
仁愛路,永和區,,
仁愛路,永和區,２６巷,
仁愛路,永和區,４０巷,
仁愛路,永和區,４０巷,４弄
仁愛路,永和區,４０巷,５弄
仁愛路,永和區,４０巷,８弄
仁愛路,永和區,４０巷,９弄
仁愛路,永和區,５２巷,
仁愛路,永和區,６４巷,
文化路,永和區,,
文化路,永和區,９巷,
文化路,永和區,９巷,１６弄
文化路,永和區,９巷,２２弄
文化路,永和區,９巷,３０弄
文化路,永和區,６７巷,
文化路,永和區,６７巷,３弄
文化路,永和區,８９巷,
文化路,永和區,１１３巷,
文化路,永和區,１１３巷,１１弄
文化路,永和區,１１３巷,１３弄
文化路,永和區,１１３巷,２１弄
文化路,永和區,１１３巷,２３弄
永和路二段,永和區,,
永和路二段,永和區,２３１巷,
新生路,永和區,１４７巷,２弄
新生路,永和區,１４７巷,４弄
新生路,永和區,１４７巷,６弄
新生路,永和區,,
新生路,永和區,２４９巷,
新生路,永和區,２４９巷,２弄
新生路,永和區,２４９巷,４弄
新生路,永和區,２６５巷,
新生路,永和區,２７１巷,
新生路,永和區,２７３巷,
大新街,永和區,１巷,
大新街,永和區,,
大新街,永和區,１９巷,
大新街,永和區,３７巷,
大新街,永和區,４５巷,
大新街,永和區,５２巷,１弄
大新街,永和區,５２巷,
大新街,永和區,６１巷,
大新街,永和區,６３巷,
中正路,永和區,,
永和路一段,永和區,,
自強街,永和區,１巷,
自強街,永和區,,
自強街,永和區,８巷,
自強街,永和區,８巷,５弄
自強街,永和區,１８巷,
自強街,永和區,１９巷,
自強街,永和區,２８巷,
自強街,永和區,３２巷,
福和路,永和區,,
中山路一段,永和區,,
中山路一段,永和區,１０８巷,
中山路一段,永和區,１０８巷,７弄
中山路一段,永和區,１２８巷,
中山路一段,永和區,１２８巷,６弄
中山路一段,永和區,１２８巷,１２弄
中山路一段,永和區,１２８巷,１４弄
仁愛路,永和區,１８６巷,
仁愛路,永和區,１９５巷,
仁愛路,永和區,２０２巷,２弄
仁愛路,永和區,２０５巷,
仁愛路,永和區,２２４巷,
仁愛路,永和區,２２６巷,
仁愛路,永和區,２４３巷,
永平路,永和區,２０６巷,
永平路,永和區,２１８巷,
永平路,永和區,２１８巷,５弄
永平路,永和區,２２６巷,
永平路,永和區,２３８巷,１弄
永平路,永和區,２３８巷,２弄
永平路,永和區,２３８巷,
永平路,永和區,２８４巷,
永平路,永和區,２８４巷,２６弄
永平路,永和區,２９０巷,２弄
永平路,永和區,２９０巷,
保福路二段,永和區,９巷,
保福路二段,永和區,９巷,１５弄
保福路二段,永和區,１５巷,
保福路二段,永和區,２３巷,
保福路二段,永和區,５９巷,
保福路二段,永和區,５９巷,９弄
保福路二段,永和區,１０９巷,１弄
中興街,永和區,,
中興街,永和區,３巷,
中興街,永和區,２９巷,
中興街,永和區,６５巷,
中興街,永和區,１２１巷,
中興街,永和區,１３３巷,
中興街,永和區,１３３巷,２７弄
中興街,永和區,１３３巷,３２弄
中興街,永和區,１４７巷,
竹林路,永和區,６６巷,
竹林路,永和區,６６巷,５弄
竹林路,永和區,６６巷,１０弄
竹林路,永和區,７２巷,
復興街,永和區,２巷,
復興街,永和區,,
復興街,永和區,１６巷,
復興街,永和區,３２巷,
復興街,永和區,５４巷,
復興街,永和區,６４巷,
復興街,永和區,１００巷,
復興街,永和區,１１８巷,
勵行街,永和區,,
勵行街,永和區,６６巷,
勵行街,永和區,７２巷,
勵行街,永和區,８４巷,
勵行街,永和區,１０６巷,
仁愛路,永和區,１０４巷,
仁愛路,永和區,１０９巷,
仁愛路,永和區,１２３巷,
仁愛路,永和區,１４１巷,
仁愛路,永和區,１４１巷,３弄
仁愛路,永和區,１４１巷,４弄
仁愛路,永和區,１４１巷,５弄
文化路,永和區,１１３巷,８弄
文化路,永和區,１１３巷,１２弄
文化路,永和區,１１３巷,１８弄
文化路,永和區,１１３巷,２８弄
文化路,永和區,１１３巷,３８弄
文化路,永和區,１２１巷,
信義路,永和區,,
信義路,永和區,９１巷,
保福路二段,永和區,４４巷,
保福路二段,永和區,６０巷,
保福路二段,永和區,８８巷,
仁愛路,永和區,１０４巷,７弄
文化路,永和區,１３５巷,
文化路,永和區,１３５巷,２０弄
文化路,永和區,１３５巷,２２弄
文化路,永和區,１３５巷,２４弄
文化路,永和區,１３５巷,２６弄
文化路,永和區,１３５巷,３２弄
文化路,永和區,１３７巷,
文化路,永和區,１３７巷,５弄
文化路,永和區,１３７巷,７弄
文化路,永和區,１４９巷,
保安路,永和區,１１４巷,
保安路,永和區,１３０巷,
保福路二段,永和區,９４巷,
保福路二段,永和區,１１４巷,
保福路二段,永和區,１２０巷,
保福路二段,永和區,１５０巷,２弄
保福路二段,永和區,１５０巷,
保福路二段,永和區,１５８巷,
保福路二段,永和區,１６２巷,
水源街,永和區,２巷,
水源街,永和區,２巷,８弄
水源街,永和區,,
水源街,永和區,１４巷,
水源街,永和區,１４巷,５弄
水源街,永和區,１４巷,８弄
水源街,永和區,３０巷,
水源街,永和區,３６巷,
水源街,永和區,４２巷,
永和路一段,永和區,３７巷,
永和路一段,永和區,４３巷,
永和路一段,永和區,４９巷,
永和路一段,永和區,４９巷,３弄
永貞路,永和區,,
永貞路,永和區,２８７巷,
永貞路,永和區,２８７巷,２弄
永貞路,永和區,３３２巷,
保平路,永和區,１１１巷,２弄
保平路,永和區,１１１巷,
保平路,永和區,,
保平路,永和區,１５１巷,１弄
保平路,永和區,１５１巷,２弄
保平路,永和區,１５１巷,
保平路,永和區,１５１巷,６弄
保平路,永和區,１５１巷,１２弄
保平路,永和區,１７７巷,５弄
保平路,永和區,１７７巷,６弄
保平路,永和區,２０３巷,
保平路,永和區,２０３巷,６弄
保平路,永和區,２２５巷,
保平路,永和區,２２５巷,３弄
中正路,永和區,７０２巷,
中正路,永和區,７０２巷,５弄
中正路,永和區,７０２巷,６弄
中正路,永和區,７０２巷,１７弄
中正路,永和區,７０２巷,２０弄
中正路,永和區,７２４巷,
中正路,永和區,７３２巷,
中興街,永和區,１０巷,
中興街,永和區,１０巷,５弄
中興街,永和區,４４巷,
中興街,永和區,５２巷,
永和路二段,永和區,５２巷,
永和路二段,永和區,５２巷,４弄
永和路二段,永和區,９２巷,
豫溪街,永和區,,
豫溪街,永和區,４１巷,
豫溪街,永和區,５７巷,
豫溪街,永和區,５７巷,７弄
豫溪街,永和區,５７巷,１１弄
四維街,永和區,６１巷,
四維街,永和區,,
民樂街,永和區,５９巷,２６弄
民樂街,永和區,６９巷,
民樂街,永和區,７１巷,
民樂街,永和區,７３巷,
民樂街,永和區,７５巷,
民樂街,永和區,７７巷,
民樂街,永和區,,
民樂街,永和區,８３巷,
民樂街,永和區,８８巷,
民樂街,永和區,９０巷,
民樂街,永和區,９２巷,
民樂街,永和區,９４巷,
民樂街,永和區,１００巷,
民樂街,永和區,１０２巷,
成功路二段,永和區,,
成功路二段,永和區,１３６巷,
成功路二段,永和區,１６１巷,１弄
成功路二段,永和區,１６１巷,２弄
成功路二段,永和區,１９１巷,
成功路二段,永和區,２０１巷,
成功路二段,永和區,２０１巷,８弄
成功路二段,永和區,２０１巷,１０弄
成功路二段,永和區,２１１巷,
成功路二段,永和區,２１７巷,
成功路二段,永和區,２１７巷,５弄
秀朗路二段,永和區,,
厚德街,永和區,,
環河東路四段,永和區,,
四維街,永和區,８９巷,
四維街,永和區,８９巷,２弄
四維街,永和區,１０３巷,
民生路,永和區,,
民生路,永和區,２５巷,
民生路,永和區,３７巷,
民生路,永和區,４７巷,
民生路,永和區,４７巷,１２弄
民生路,永和區,６７巷,
民生路,永和區,８５巷,
得和路,永和區,,
得和路,永和區,３７４巷,２弄
中正路,永和區,２４２巷,２弄
中正路,永和區,２８６巷,
民有街,永和區,,
民有街,永和區,２１巷,１弄
民有街,永和區,２１巷,
民有街,永和區,２１巷,３弄
民有街,永和區,２１巷,５弄
民有街,永和區,２１巷,７弄
民有街,永和區,２１巷,９弄
民有街,永和區,２３巷,
民治街,永和區,,
民治街,永和區,６９巷,
民治街,永和區,７２巷,
民治街,永和區,７９巷,
民治街,永和區,９７巷,
得和路,永和區,１０４巷,１弄
得和路,永和區,１０４巷,
智光街,永和區,１０巷,
智光街,永和區,,
智光街,永和區,３２巷,
智光街,永和區,３２巷,２弄
民有街,永和區,２５巷,
民有街,永和區,２５巷,１６弄
民有街,永和區,６７巷,
民有街,永和區,６７巷,５弄
民有街,永和區,６７巷,８弄
民有街,永和區,７５巷,
民有街,永和區,９２巷,
民有街,永和區,９８巷,
民治街,永和區,３７巷,
民治街,永和區,４９巷,
民治街,永和區,５９巷,
民族街,永和區,,
民族街,永和區,１７巷,
民族街,永和區,２７巷,
民族街,永和區,２７巷,２６弄
民族街,永和區,３７巷,１弄
民族街,永和區,４１巷,
民族街,永和區,４３巷,
民族街,永和區,４９巷,
民族街,永和區,６７巷,
民族街,永和區,６７巷,１３弄
民族街,永和區,６７巷,２７弄
民族街,永和區,７３巷,
民族街,永和區,８１巷,
民族街,永和區,１７８巷,
民族街,永和區,１７８巷,５弄
民族街,永和區,１８２巷,
民權路,永和區,,
民權路,永和區,３６巷,
民權路,永和區,５８巷,１弄
民權路,永和區,５８巷,２弄
民權路,永和區,５８巷,
四維街,永和區,３２巷,
民樂街,永和區,５７巷,
民樂街,永和區,５９巷,
民樂街,永和區,６９巷,９弄
成功路二段,永和區,１０２巷,
成功路二段,永和區,１２９巷,
成功路二段,永和區,１２９巷,６弄
厚德街,永和區,９巷,
厚德街,永和區,２０巷,
得和路,永和區,３７４巷,１弄
民樂街,永和區,３０巷,
民樂街,永和區,３１巷,
民樂街,永和區,３１巷,６弄
民樂街,永和區,３１巷,８弄
民樂街,永和區,３１巷,１０弄
民樂街,永和區,３３巷,
民樂街,永和區,３７巷,
民樂街,永和區,３９巷,
民樂街,永和區,３９巷,１８弄
民樂街,永和區,４０巷,
民樂街,永和區,４１巷,
民樂街,永和區,４３巷,
民樂街,永和區,４５巷,
民樂街,永和區,４７巷,
民樂街,永和區,５５巷,
民樂街,永和區,６０巷,
民樂街,永和區,６６巷,
成功路二段,永和區,１巷,
成功路二段,永和區,４７巷,
成功路二段,永和區,１２１巷,
民生路,永和區,１０巷,
民生路,永和區,２２巷,
民生路,永和區,４６巷,
民有街,永和區,７５巷,２弄
民有街,永和區,７５巷,１０弄
民權路,永和區,１巷,
民權路,永和區,１５巷,
民權路,永和區,２９巷,
民權路,永和區,４９巷,
民權路,永和區,４９巷,５弄
中正路,永和區,３６８巷,１弄
中正路,永和區,３６８巷,
中正路,永和區,４２８巷,３０弄
永元路,永和區,,
永元路,永和區,１７巷,１弄
永元路,永和區,１７巷,２弄
永元路,永和區,１７巷,
永元路,永和區,１７巷,６弄
永元路,永和區,１７巷,７弄
永元路,永和區,１７巷,２５弄
永元路,永和區,６９巷,
永元路,永和區,８３巷,
秀朗路二段,永和區,２４巷,
秀朗路二段,永和區,２４巷,６弄
秀朗路二段,永和區,２４巷,１６弄
秀朗路二段,永和區,２４巷,２５弄
秀朗路二段,永和區,２４巷,２８弄
秀朗路二段,永和區,２４巷,５５弄
秀朗路二段,永和區,３８巷,
秀朗路二段,永和區,５４巷,
得和路,永和區,２２１巷,
得和路,永和區,２４３巷,
得和路,永和區,２４３巷,７弄
得和路,永和區,２４３巷,１４弄
得和路,永和區,２４３巷,２８弄
得和路,永和區,２４３巷,３４弄
得和路,永和區,２４３巷,３６弄
永貞路,永和區,１４７巷,
安樂路,永和區,,
安樂路,永和區,２７２巷,
安樂路,永和區,２７２巷,７弄
安樂路,永和區,２７２巷,９弄
安樂路,永和區,２７２巷,４３弄
安樂路,永和區,３０４巷,
安樂路,永和區,３０４巷,１０弄
安樂路,永和區,３３２巷,
秀安街,永和區,１１巷,
秀安街,永和區,１３巷,
秀安街,永和區,１５巷,
秀安街,永和區,,
秀朗路一段,永和區,,
秀朗路一段,永和區,６０巷,
秀朗路一段,永和區,９０巷,
秀朗路一段,永和區,９６巷,
秀朗路一段,永和區,１０８巷,
新生路,永和區,２４巷,
新生路,永和區,２５巷,１弄
新生路,永和區,２５巷,２弄
新生路,永和區,２５巷,３弄
新生路,永和區,２５巷,４弄
新生路,永和區,２８巷,
新生路,永和區,５３巷,２弄
新生路,永和區,５３巷,４弄
新生路,永和區,８３巷,
環河西路二段,永和區,３巷,
環河西路二段,永和區,,
永安街,永和區,,
永安街,永和區,４巷,
永安街,永和區,１６巷,
永安街,永和區,１６巷,１３弄
永亨路,永和區,,
永利路,永和區,,
永貞路,永和區,１０巷,１弄
永貞路,永和區,１０巷,
永貞路,永和區,２３巷,
永貞路,永和區,３９巷,
永貞路,永和區,３９巷,２弄
永貞路,永和區,３９巷,４弄
永貞路,永和區,３９巷,６弄
永貞路,永和區,７０巷,
永寧街,永和區,,
國中路,永和區,,
福和路,永和區,１２５巷,
福和路,永和區,１２５巷,１１弄
福和路,永和區,１８３巷,
福和路,永和區,１８３巷,２弄
福和路,永和區,１８３巷,６弄
永貞路,永和區,３９巷,９弄
國中路,永和區,１０４巷,
國中路,永和區,１０４巷,１３弄
國中路,永和區,１３２巷,
國中路,永和區,１３２巷,６弄
福和路,永和區,７巷,
福和路,永和區,７巷,１０弄
福和路,永和區,１９巷,１弄
福和路,永和區,１９巷,
福和路,永和區,１９巷,６弄
福和路,永和區,４３巷,
福和路,永和區,５７巷,
福和路,永和區,５７巷,４弄
福和路,永和區,５７巷,５弄
福和路,永和區,５７巷,１１弄
福和路,永和區,５７巷,１４弄
福和路,永和區,７７巷,
福和路,永和區,９３巷,
永和路一段,永和區,１８巷,
永和路一段,永和區,１８巷,５弄
永和路一段,永和區,１８巷,１１弄
永和路一段,永和區,５０巷,
永和路一段,永和區,７２巷,
永和路一段,永和區,１１０巷,
安樂路,永和區,４５５巷,
安樂路,永和區,４６３巷,
安樂路,永和區,４６３巷,１４弄
安樂路,永和區,４６９巷,
安樂路,永和區,４７３巷,
自由街,永和區,,
自由街,永和區,７７巷,
自由街,永和區,７７巷,６弄
自由街,永和區,７７巷,２０弄
秀朗路一段,永和區,１０巷,
中興街,永和區,５２巷,１弄
中興街,永和區,５２巷,３弄
中興街,永和區,５２巷,９弄
中興街,永和區,６８巷,５弄
中興街,永和區,８４巷,
竹林路,永和區,９６巷,
竹林路,永和區,９６巷,５弄
竹林路,永和區,９６巷,１５弄
竹林路,永和區,１１４巷,
竹林路,永和區,１２４巷,
竹林路,永和區,１４８巷,
國光路,永和區,,
國光路,永和區,９０巷,
國光路,永和區,１０２巷,
國光路,永和區,１１６巷,
豫溪街,永和區,５７巷,４弄
豫溪街,永和區,５７巷,８弄
豫溪街,永和區,５７巷,１０弄
豫溪街,永和區,９５巷,２弄
豫溪街,永和區,９５巷,
豫溪街,永和區,９５巷,４弄
豫溪街,永和區,９５巷,１０弄
豫溪街,永和區,１３７巷,１弄
豫溪街,永和區,１３７巷,
豫溪街,永和區,１３７巷,３弄
大新街,永和區,６９巷,
大新街,永和區,７１巷,
大新街,永和區,７３巷,
大新街,永和區,７８巷,
大新街,永和區,８０巷,
大新街,永和區,８２巷,
中正路,永和區,６１６巷,
中正路,永和區,６２４巷,
中正路,永和區,６５４巷,
中正路,永和區,６６２巷,
中正路,永和區,６６６巷,
竹林路,永和區,２１８巷,
國光路,永和區,１２巷,
國光路,永和區,１２巷,１１弄
國光路,永和區,４９巷,
國光路,永和區,５９巷,
福和路,永和區,１９８巷,１弄
福和路,永和區,１９８巷,
福和路,永和區,２８０巷,
福和路,永和區,２８０巷,６弄
光復街,永和區,２巷,
光復街,永和區,２巷,４弄
光復街,永和區,２巷,１６弄
光復街,永和區,２巷,２６弄
博愛街,永和區,,
博愛街,永和區,１９巷,
博愛街,永和區,２１巷,
博愛街,永和區,２７巷,
博愛街,永和區,３１巷,
博愛街,永和區,３５巷,
博愛街,永和區,４１巷,
博愛街,永和區,４５巷,
博愛街,永和區,４５巷,２１弄
博愛街,永和區,４５巷,２５弄
博愛街,永和區,４５巷,３１弄
博愛街,永和區,４７巷,
博愛街,永和區,４９巷,
博愛街,永和區,５７巷,
中和路,永和區,,
中和路,永和區,４７５巷,
中和路,永和區,５０１巷,
中和路,永和區,５０１巷,１５弄
中和路,永和區,５０１巷,２１弄
中和路,永和區,５１９巷,
中和路,永和區,５４７巷,１弄
中和路,永和區,５４７巷,３弄
中和路,永和區,５９７巷,
水源街,永和區,１７巷,
水源街,永和區,２１巷,
水源街,永和區,２１巷,１４弄
水源街,永和區,２７巷,
水源街,永和區,３３巷,
水源街,永和區,３９巷,
水源街,永和區,４３巷,
水源街,永和區,４５巷,
雙和街,永和區,,
雙和街,永和區,６巷,
雙和街,永和區,１６巷,
雙和街,永和區,２０巷,
雙和街,永和區,５２巷,
雙和街,永和區,５２巷,１４弄
雙和街,永和區,６４巷,
雙和街,永和區,６４巷,２２弄
竹林路,永和區,１１９巷,４弄
竹林路,永和區,１１９巷,
竹林路,永和區,１１９巷,１０弄
竹林路,永和區,１１９巷,１８弄
竹林路,永和區,１１９巷,２２弄
竹林路,永和區,１３５巷,
竹林路,永和區,１３５巷,９弄
竹林路,永和區,１７９巷,
竹林路,永和區,１７９巷,１７弄
竹林路,永和區,１９１巷,
竹林路,永和區,２０１巷,
竹林路,永和區,２０１巷,２４弄
竹林路,永和區,２０１巷,２６弄
豫溪街,永和區,１２８巷,
豫溪街,永和區,１３６巷,
豫溪街,永和區,１４３巷,
豫溪街,永和區,１５０巷,
豫溪街,永和區,１５１巷,
豫溪街,永和區,１５１巷,２弄
豫溪街,永和區,１５１巷,４弄
豫溪街,永和區,１６９巷,
豫溪街,永和區,１７１巷,１弄
豫溪街,永和區,１７１巷,
豫溪街,永和區,１７１巷,３弄
豫溪街,永和區,１７１巷,５弄
豫溪街,永和區,１８７巷,
豫溪街,永和區,１９１巷,
豫溪街,永和區,２０７巷,
豫溪街,永和區,２１５巷,
豫溪街,永和區,２１７巷,
環河東路二段,永和區,,
永元路,永和區,１８巷,
永元路,永和區,１８巷,２弄
永元路,永和區,１８巷,１２弄
永元路,永和區,１８巷,３８弄
永元路,永和區,１８巷,４０弄
永元路,永和區,４０巷,
永元路,永和區,４０巷,４４弄
永元路,永和區,４０巷,４６弄
永元路,永和區,５２巷,
秀朗路二段,永和區,６６巷,
秀朗路二段,永和區,６６巷,１２弄
秀朗路二段,永和區,１２６巷,
秀朗路二段,永和區,１２６巷,３弄
秀朗路二段,永和區,１４８巷,
秀朗路二段,永和區,１４８巷,１０弄
秀朗路二段,永和區,１４８巷,１２弄
得和路,永和區,３１９巷,
得和路,永和區,３７３巷,
得和路,永和區,３７３巷,３１弄
民樂街,永和區,１７巷,
民樂街,永和區,２５巷,
民樂街,永和區,３１巷,１７弄
民樂街,永和區,３１巷,１９弄
成功路一段,永和區,,
成功路一段,永和區,２９巷,
成功路一段,永和區,４３巷,
成功路一段,永和區,４７巷,
成功路一段,永和區,４７巷,２１弄
成功路一段,永和區,９３巷,
成功路一段,永和區,９３巷,１３弄
成功路一段,永和區,９３巷,２０弄
成功路一段,永和區,９３巷,２１弄
成功路一段,永和區,１１７巷,１弄
成功路一段,永和區,１１７巷,
成功路一段,永和區,１２５巷,
環河東路三段,永和區,,
永元路,永和區,９５巷,
永亨路,永和區,８０巷,
永亨路,永和區,１０２巷,
永亨路,永和區,１０５巷,
永亨路,永和區,１１５巷,
永亨路,永和區,１１６巷,
永利路,永和區,７５巷,
永利路,永和區,８１巷,
永利路,永和區,８１巷,２弄
永利路,永和區,８１巷,１８弄
永利路,永和區,９４巷,５弄
永利路,永和區,１１４巷,
秀朗路二段,永和區,１３巷,
秀朗路二段,永和區,３５巷,
秀朗路二段,永和區,６５巷,
林森路,永和區,,
林森路,永和區,４０巷,
林森路,永和區,４０巷,６弄
林森路,永和區,４４巷,
林森路,永和區,４４巷,６弄
林森路,永和區,４６巷,
林森路,永和區,４８巷,
林森路,永和區,１１２巷,
林森路,永和區,１１２巷,９弄
林森路,永和區,１１２巷,１０弄
林森路,永和區,１１２巷,１２弄
林森路,永和區,１２４巷,
國中路,永和區,１９巷,
國中路,永和區,８６巷,
國中路,永和區,１０９巷,１弄
國中路,永和區,１０９巷,３弄
國中路,永和區,１０９巷,４弄
國中路,永和區,１０９巷,５弄
國中路,永和區,１０９巷,
永元路,永和區,５２巷,１３弄
永元路,永和區,１１０巷,
永元路,永和區,１２８巷,
永元路,永和區,１３８巷,
永亨路,永和區,１４６巷,
永利路,永和區,２１６巷,
秀朗路二段,永和區,６６巷,７弄
秀朗路二段,永和區,８２巷,５弄
秀朗路二段,永和區,８２巷,
秀朗路二段,永和區,９１巷,１弄
秀朗路二段,永和區,９１巷,６弄
秀朗路二段,永和區,１０６巷,
秀朗路二段,永和區,１０６巷,７弄
秀朗路二段,永和區,１０６巷,１０弄
秀朗路二段,永和區,１１５巷,１弄
秀朗路二段,永和區,１１５巷,２弄
秀朗路二段,永和區,１６１巷,
林森路,永和區,１０１巷,
永亨路,永和區,１３５巷,
永亨路,永和區,１５６巷,
永亨路,永和區,１６５巷,
永亨路,永和區,１７７巷,
永利路,永和區,３２２巷,
永利路,永和區,３２２巷,２７弄
永利路,永和區,３５４巷,
成功路一段,永和區,１６巷,
成功路一段,永和區,１８巷,
成功路一段,永和區,２８巷,
成功路一段,永和區,３８巷,
成功路一段,永和區,４８巷,
成功路一段,永和區,６４巷,
成功路一段,永和區,１０６巷,１弄
成功路一段,永和區,１０６巷,
秀朗路二段,永和區,１６１巷,２弄
秀朗路二段,永和區,１７３巷,
秀朗路二段,永和區,１７３巷,６弄
秀朗路二段,永和區,１７３巷,８弄
秀朗路二段,永和區,１８１巷,
林森路,永和區,２９巷,
林森路,永和區,２９巷,１６弄
林森路,永和區,３９巷,
林森路,永和區,４１巷,
林森路,永和區,４１巷,２２弄
秀朗路二段,永和區,１４８巷,３弄
秀朗路二段,永和區,１４８巷,５弄
秀朗路二段,永和區,１４８巷,７弄
秀朗路二段,永和區,１７６巷,
秀朗路二段,永和區,１８６巷,
秀朗路二段,永和區,１９６巷,
秀朗路二段,永和區,２０６巷,
秀朗路二段,永和區,２１６巷,
秀朗路二段,永和區,２２６巷,
得和路,永和區,３７３巷,６弄
得和路,永和區,３７３巷,１６弄
永平路,永和區,８１巷,
永和路一段,永和區,４９巷,１９弄
永和路一段,永和區,６５巷,
永和路一段,永和區,１１１巷,
永和路一段,永和區,１１１巷,６弄
永和路一段,永和區,１２３巷,
永和路一段,永和區,１３５巷,
永貞路,永和區,３７８巷,
保平路,永和區,１８巷,
保平路,永和區,３０巷,
保平路,永和區,３０巷,５弄
保平路,永和區,５０巷,
保平路,永和區,５０巷,８弄
保平路,永和區,５０巷,１０弄
保平路,永和區,５０巷,２２弄
保平路,永和區,６４巷,
保平路,永和區,９３巷,
保平路,永和區,９３巷,２弄
保平路,永和區,９３巷,４弄
保平路,永和區,９３巷,５弄
保平路,永和區,１７４巷,
保平路,永和區,１７４巷,１４弄
保平路,永和區,１７４巷,２８弄
保福路一段,永和區,,
保福路一段,永和區,８巷,
保福路一段,永和區,９巷,
保福路一段,永和區,２３巷,
保福路一段,永和區,２８巷,１２弄
保慶街,永和區,,
中山路一段,永和區,１９１巷,２弄
中山路一段,永和區,１９１巷,
中山路一段,永和區,１９１巷,７弄
中山路一段,永和區,１９１巷,９弄
中山路一段,永和區,１９１巷,１５弄
中山路一段,永和區,２０５巷,
中山路一段,永和區,２５５巷,
中山路一段,永和區,２８１巷,
永平路,永和區,９３巷,
永平路,永和區,１４７巷,
永平路,永和區,１５２巷,
永平路,永和區,１５７巷,２弄
永平路,永和區,１５７巷,
永平路,永和區,１５７巷,６弄
永平路,永和區,１７３巷,
永平路,永和區,１７３巷,１４弄
永平路,永和區,１７７巷,
永平路,永和區,１８０巷,
永貞路,永和區,３５５巷,
永貞路,永和區,３６１巷,
永貞路,永和區,３６９巷,
永貞路,永和區,４０６巷,
和平街,永和區,,
和平街,永和區,９３巷,
和平街,永和區,９３巷,９弄
和平街,永和區,９５巷,
和平街,永和區,９５巷,４弄
和平街,永和區,１０９巷,
保平路,永和區,２１４巷,１１弄
保平路,永和區,２１４巷,１２弄
保平路,永和區,２３６巷,１２弄
保平路,永和區,２３６巷,
保平路,永和區,２３６巷,２４弄
保福路一段,永和區,３５巷,
保福路一段,永和區,４７巷,
中正路,永和區,３９１巷,
中正路,永和區,４６５巷,
中正路,永和區,４６５巷,１２弄
中正路,永和區,４６５巷,１７弄
中正路,永和區,４７３巷,
中正路,永和區,４８３巷,
中正路,永和區,４９７巷,
中正路,永和區,５０９巷,
秀朗路一段,永和區,７３巷,
秀朗路一段,永和區,８１巷,
秀朗路一段,永和區,８１巷,８弄
秀朗路一段,永和區,９７巷,
秀朗路一段,永和區,１３５巷,
秀朗路一段,永和區,１３９巷,
秀朗路一段,永和區,１５３巷,
福和路,永和區,３０９巷,
福和路,永和區,３０９巷,１４弄
福和路,永和區,３０９巷,２０弄
福和路,永和區,３２１巷,
新生路,永和區,４０巷,１弄
新生路,永和區,４０巷,
新生路,永和區,４０巷,３弄
新生路,永和區,６６巷,１弄
新生路,永和區,６６巷,３弄
新生路,永和區,９５巷,
新生路,永和區,９５巷,２弄
新生路,永和區,９５巷,４弄
新生路,永和區,１２１巷,２弄
新生路,永和區,１２１巷,４弄
文化路,永和區,９０巷,３２弄
文化路,永和區,９０巷,
文化路,永和區,９０巷,４２弄
文化路,永和區,１４４巷,
文化路,永和區,１４４巷,３１弄
文化路,永和區,１４４巷,３２弄
永和路二段,永和區,４０５巷,
永和路二段,永和區,４１７巷,
永和路二段,永和區,４２５巷,
永和路二段,永和區,４２５巷,３７弄
永和路二段,永和區,４２５巷,５７弄
永和路二段,永和區,４２５巷,７５弄
環河西路一段,永和區,,
環河西路一段,永和區,５１巷,
環河西路一段,永和區,５１巷,１０弄
環河西路一段,永和區,５１巷,２０弄
環河西路一段,永和區,７５巷,１弄
環河西路一段,永和區,７５巷,２４弄
環河西路一段,永和區,８５巷,
環河西路一段,永和區,８５巷,４弄
環河西路一段,永和區,８５巷,８弄
環河西路一段,永和區,９５巷,
環河西路一段,永和區,９５巷,１９弄
林森路,永和區,１０巷,
林森路,永和區,１０巷,１８弄
林森路,永和區,２０巷,
林森路,永和區,２０巷,１３弄
國中路,永和區,１０４巷,２弄
國中路,永和區,１０４巷,８弄
國中路,永和區,１０４巷,１２弄
福和路,永和區,７巷,５弄
福和路,永和區,７巷,１１弄
福和路,永和區,７巷,１２弄
福和路,永和區,７巷,１４弄
福和路,永和區,７巷,１５弄
福和路,永和區,７巷,１６弄
環河東路三段,永和區,５２巷,
環河東路三段,永和區,５２巷,２弄
中山路一段,永和區,１８巷,
中山路一段,永和區,１８巷,４弄
中山路一段,永和區,２８巷,
中山路一段,永和區,６０巷,１弄
中山路一段,永和區,６０巷,
中山路一段,永和區,６０巷,９弄
中山路一段,永和區,９８巷,
仁愛路,永和區,１４１巷,３０弄
永和路二段,永和區,５３巷,
信義路,永和區,５巷,
信義路,永和區,５巷,１９弄
信義路,永和區,１７巷,
信義路,永和區,１７巷,３弄
信義路,永和區,１７巷,９弄
信義路,永和區,２５巷,
信義路,永和區,２５巷,５弄
信義路,永和區,２５巷,１９弄
保福路二段,永和區,１６巷,
保福路二段,永和區,２６巷,
保福路二段,永和區,４４巷,２弄
中山路一段,永和區,２８１巷,２弄
永貞路,永和區,３６０巷,
永貞路,永和區,３７０巷,
永貞路,永和區,３７８巷,２弄
永貞路,永和區,３８６巷,
保平路,永和區,２１４巷,１弄
保平路,永和區,２１４巷,
保平路,永和區,２１４巷,３弄
保平路,永和區,２１４巷,８弄
保平路,永和區,２１４巷,１０弄
保平路,永和區,２３６巷,１弄
保平路,永和區,２３６巷,７弄
保平路,永和區,２３６巷,１５弄
保平路,永和區,２６８巷,
保平路,永和區,２６８巷,５１弄
保平路,永和區,２９２巷,
保平路,永和區,２９２巷,１３弄
保平路,永和區,２９２巷,３６弄
保平路,永和區,２９２巷,４０弄
保平路,永和區,２９２巷,４６弄
中山路一段,永和區,１８４巷,
中山路一段,永和區,１８４巷,９弄
中山路一段,永和區,１８４巷,１０弄
中山路一段,永和區,３２８巷,
中山路一段,永和區,３２８巷,７弄
仁愛路,永和區,２９９巷,
永平路,永和區,２０３巷,
永平路,永和區,２０３巷,３弄
永平路,永和區,２０３巷,５弄
永貞路,永和區,３８９巷,
永貞路,永和區,３８９巷,２弄
永貞路,永和區,４１７巷,
永貞路,永和區,４１７巷,６弄
永貞路,永和區,４３７巷,
保生路,永和區,,
保生路,永和區,５巷,
保生路,永和區,２２巷,
保生路,永和區,２２巷,１９弄
保生路,永和區,４０巷,
保生路,永和區,４８巷,
仁愛路,永和區,２８２巷,
仁愛路,永和區,２８２巷,１０弄
仁愛路,永和區,３０６巷,
仁愛路,永和區,３０６巷,１８弄
仁愛路,永和區,３０６巷,３５弄
仁愛路,永和區,３１２巷,
仁愛路,永和區,３５２巷,
仁愛路,永和區,３５２巷,９２弄
仁愛路,永和區,３５２巷,１０２弄
仁愛路,永和區,３５２巷,１１２弄
仁愛路,永和區,３５２巷,１２２弄
仁愛路,永和區,３５２巷,１３２弄
保順路,永和區,,
保順路,永和區,３７巷,
保順路,永和區,３７巷,５弄
保順路,永和區,３７巷,１０弄
保順路,永和區,５１巷,
環河西路二段,永和區,２０９巷,
環河西路二段,永和區,２１７巷,
環河西路二段,永和區,２２９巷,
中山路一段,永和區,１７巷,
中山路一段,永和區,１７巷,４弄
中山路一段,永和區,９１巷,
中山路一段,永和區,９９巷,
中山路一段,永和區,１１７巷,
永平路,永和區,１２巷,
永平路,永和區,２６巷,
永和路一段,永和區,１５１巷,
和平街,永和區,１７巷,
和平街,永和區,２３巷,
和平街,永和區,５４巷,
和平街,永和區,５４巷,５弄
保福路一段,永和區,４８巷,
保福路一段,永和區,５８巷,
保福路一段,永和區,７７巷,
仁愛路,永和區,３１巷,
仁愛路,永和區,３１巷,２弄
仁愛路,永和區,３１巷,３弄
仁愛路,永和區,３１巷,７弄
仁愛路,永和區,７３巷,２弄
仁愛路,永和區,１４１巷,７弄
永和路二段,永和區,１５７巷,
永和路二段,永和區,１５７巷,２弄
信義路,永和區,８巷,
信義路,永和區,１２巷,
信義路,永和區,１６巷,
信義路,永和區,２５巷,３０弄
信義路,永和區,４３巷,
信義路,永和區,４３巷,２２弄
信義路,永和區,５４巷,
信義路,永和區,５５巷,
信義路,永和區,６７巷,
竹林路,永和區,９１巷,２４弄
竹林路,永和區,９１巷,３６弄
竹林路,永和區,９１巷,４０弄
竹林路,永和區,９１巷,４４弄
竹林路,永和區,９１巷,６０弄
竹林路,永和區,１０９巷,
竹林路,永和區,１０９巷,１８弄
竹林路,永和區,１１９巷,２５弄
竹林路,永和區,１１９巷,３０弄
竹林路,永和區,１１９巷,４５弄
竹林路,永和區,１１９巷,５３弄
豫溪街,永和區,１８９巷,
豫溪街,永和區,１９１巷,１弄
豫溪街,永和區,１９１巷,３弄
豫溪街,永和區,１９１巷,７弄
中正路,永和區,３６８巷,１０弄
中正路,永和區,３６８巷,２０弄
中正路,永和區,４１２巷,
中正路,永和區,４１２巷,４弄
中正路,永和區,４１２巷,２０弄
中正路,永和區,４２８巷,
中正路,永和區,４２８巷,２５弄
中正路,永和區,４４２巷,
中正路,永和區,４５４巷,
中正路,永和區,４６８巷,
秀朗路一段,永和區,１５０巷,１弄
秀朗路一段,永和區,１５０巷,
秀朗路一段,永和區,１９２巷,
秀朗路一段,永和區,１９２巷,２弄
秀朗路一段,永和區,１９２巷,４弄
秀朗路一段,永和區,１９２巷,６弄
秀朗路一段,永和區,１９５巷,
秀朗路一段,永和區,１９６巷,
秀朗路一段,永和區,２０３巷,１弄
秀朗路一段,永和區,２０３巷,
秀朗路一段,永和區,２０３巷,３弄
秀朗路一段,永和區,２０９巷,
秀朗路一段,永和區,２０９巷,２弄
秀朗路一段,永和區,２０９巷,４弄
秀朗路一段,永和區,２２０巷,
秀朗路一段,永和區,２３１巷,
得和路,永和區,１２５巷,
文化路,永和區,１６巷,
文化路,永和區,１６巷,４弄
文化路,永和區,１６巷,５弄
文化路,永和區,９０巷,２２弄
文化路,永和區,９０巷,２８弄
永和路二段,永和區,２９５巷,
永和路二段,永和區,３０１巷,
忠孝街,永和區,,
忠孝街,永和區,２６巷,１弄
忠孝街,永和區,２６巷,
忠孝街,永和區,２６巷,３弄
忠孝街,永和區,２６巷,１３弄
忠孝街,永和區,２６巷,２７弄
忠孝街,永和區,３４巷,１弄
忠孝街,永和區,３４巷,
忠孝街,永和區,３４巷,２弄
忠孝街,永和區,３４巷,９弄
忠孝街,永和區,３４巷,１２弄
忠孝街,永和區,３４巷,２１弄
忠孝街,永和區,３４巷,２２弄
忠孝街,永和區,３４巷,２９弄
永和路二段,永和區,２７６巷,
永和路二段,永和區,２７６巷,２弄
永和路二段,永和區,２７６巷,４弄
永和路二段,永和區,２７６巷,５弄
永和路二段,永和區,２８６巷,
竹林路,永和區,２５巷,
竹林路,永和區,２５巷,９弄
竹林路,永和區,２５巷,１７弄
竹林路,永和區,２５巷,３６弄
竹林路,永和區,３９巷,５弄
竹林路,永和區,３９巷,１９弄
竹林路,永和區,３９巷,３３弄
博愛街,永和區,１８巷,
博愛街,永和區,２０巷,
博愛街,永和區,２４巷,
博愛街,永和區,３２巷,
中正路,永和區,２巷,
中正路,永和區,２巷,３弄
中正路,永和區,２巷,２９弄
中正路,永和區,４２巷,
中正路,永和區,４２巷,６弄
中正路,永和區,６０巷,
中正路,永和區,７２巷,
中正路,永和區,８６巷,
中正路,永和區,１９０巷,
民光街,永和區,,
民光街,永和區,２０巷,
民光街,永和區,２２巷,
民有街,永和區,１０巷,
民有街,永和區,２４巷,１弄
民有街,永和區,２４巷,
民享街,永和區,１巷,
民享街,永和區,２巷,
民享街,永和區,,
民享街,永和區,１４巷,
民享街,永和區,２３巷,
民享街,永和區,２３巷,５弄
民享街,永和區,２４巷,
智光街,永和區,１０５巷,
智光街,永和區,１０７巷,
智光街,永和區,１１７巷,
新生路,永和區,９２巷,１弄
新生路,永和區,９２巷,３弄
新生路,永和區,１９４巷,１弄
新生路,永和區,１９４巷,
新生路,永和區,２１０巷,
新生路,永和區,２１６巷,
文化路,永和區,９０巷,３弄
文化路,永和區,９０巷,９弄
文化路,永和區,９０巷,１５弄
文化路,永和區,９０巷,２７弄
文化路,永和區,１２６巷,
文化路,永和區,１２６巷,１０弄
文化路,永和區,１２６巷,１５弄
文化路,永和區,１２６巷,２３弄
文化路,永和區,１４４巷,１４弄
文化路,永和區,１４４巷,１９弄
文化路,永和區,１８２巷,
文化路,永和區,１９２巷,
文化路,永和區,１９２巷,２弄
文化路,永和區,１９２巷,４弄
文化路,永和區,１９２巷,７弄
文化路,永和區,１９２巷,８弄
文化路,永和區,１９２巷,１２弄
文化路,永和區,１９２巷,１４弄
環河西路一段,永和區,９５巷,４弄
中正路,永和區,５７２巷,
中正路,永和區,６０２巷,
永安街,永和區,７巷,
永安街,永和區,１３巷,
永安街,永和區,３３巷,
永利路,永和區,４巷,
永利路,永和區,７巷,２弄
永利路,永和區,７巷,
永利路,永和區,７巷,４弄
永利路,永和區,７巷,６弄
永利路,永和區,１０巷,
永利路,永和區,３６巷,
永利路,永和區,５６巷,
永利路,永和區,７２巷,
永利路,永和區,８４巷,
永利路,永和區,９４巷,
永貞路,永和區,１０９巷,
永貞路,永和區,１５６巷,
永寧街,永和區,６２巷,
永寧街,永和區,６４巷,
永寧街,永和區,７６巷,
永寧街,永和區,１１５巷,
永寧街,永和區,１２９巷,
永寧街,永和區,１３１巷,
永寧街,永和區,１３３巷,
永寧街,永和區,１３５巷,
福和路,永和區,２３７巷,
福和路,永和區,２４５巷,
福和路,永和區,２６３巷,
福和路,永和區,２６３巷,７弄
竹林路,永和區,２０１巷,２２弄
竹林路,永和區,２１３巷,
竹林路,永和區,２２５巷,
竹林路,永和區,２２５巷,１０弄
福和路,永和區,８巷,
福和路,永和區,１０巷,
福和路,永和區,１２巷,１弄
福和路,永和區,１２巷,
福和路,永和區,７６巷,
福和路,永和區,７６巷,５弄
福和路,永和區,７６巷,６弄
福和路,永和區,１３０巷,
豫溪街,永和區,１６０巷,
豫溪街,永和區,１６２巷,
光復街,永和區,２巷,１１弄
光復街,永和區,,
光復街,永和區,１６巷,
光復街,永和區,１６巷,３２弄
光復街,永和區,２０巷,
光復街,永和區,２０巷,１７弄
光復街,永和區,２８巷,
光復街,永和區,３３巷,１弄
光復街,永和區,３３巷,
光復街,永和區,６０巷,４弄
光復街,永和區,６０巷,
光復街,永和區,６０巷,２０弄
中正路,永和區,６７巷,
中正路,永和區,１２５巷,
中正路,永和區,１２９巷,
中正路,永和區,１５１巷,
中正路,永和區,１５１巷,５弄
中正路,永和區,１５１巷,８弄
中正路,永和區,１６５巷,
中正路,永和區,２８３巷,
中正路,永和區,２８３巷,５弄
中正路,永和區,２８３巷,１６弄
中正路,永和區,２８３巷,２９弄
中正路,永和區,２８３巷,４５弄
中正路,永和區,２８３巷,５３弄
中正路,永和區,２８３巷,５５弄
安樂路,永和區,５０巷,１弄
安樂路,永和區,５０巷,
安樂路,永和區,５８巷,
安樂路,永和區,７２巷,１弄
安樂路,永和區,７２巷,
安樂路,永和區,１００巷,
安樂路,永和區,１９４巷,
安樂路,永和區,１９４巷,１６弄
安樂路,永和區,１９４巷,３８弄
得和路,永和區,４５巷,
得和路,永和區,４５巷,１６弄
得和路,永和區,５３巷,
得和路,永和區,８６巷,
中正路,永和區,２８３巷,６４弄
中正路,永和區,２８３巷,６６弄
中正路,永和區,２８３巷,７０弄
安樂路,永和區,１００巷,１３弄
安樂路,永和區,１００巷,２１弄
安樂路,永和區,１０４巷,
安樂路,永和區,１０４巷,２弄
安樂路,永和區,１４４巷,
安樂路,永和區,１４４巷,２弄
安樂路,永和區,１４４巷,２２弄
安樂路,永和區,１５４巷,１弄
安樂路,永和區,１５４巷,
安樂路,永和區,１９４巷,１７弄
安樂路,永和區,１９４巷,３９弄
安樂路,永和區,１９８巷,
安樂路,永和區,１９８巷,安和１弄
安樂路,永和區,１９８巷,安和２弄
安樂路,永和區,１９８巷,４弄
安樂路,永和區,１９８巷,１５弄
安樂路,永和區,２４６巷,
秀安街,永和區,９巷,
得和路,永和區,５巷,
得和路,永和區,１３巷,
得和路,永和區,１３巷,２弄
得和路,永和區,２７巷,
得和路,永和區,４２巷,
中正路,永和區,５７７巷,
中正路,永和區,６０９巷,
中正路,永和區,６０９巷,５弄
中正路,永和區,６８０巷,
永和路一段,永和區,２１０巷,
豫溪街,永和區,８巷,
豫溪街,永和區,１６巷,
豫溪街,永和區,２８巷,
豫溪街,永和區,４２巷,
豫溪街,永和區,５２巷,
豫溪街,永和區,７４巷,
豫溪街,永和區,７４巷,２弄
豫溪街,永和區,７４巷,７弄
豫溪街,永和區,８８巷,
警光街,永和區,警光１巷,
警光街,永和區,,
警光街,永和區,１０巷,
竹林路,永和區,３２巷,
竹林路,永和區,４２巷,
復興街,永和區,１巷,
復興街,永和區,１９巷,
復興街,永和區,１９巷,１３弄
復興街,永和區,４１巷,１弄
復興街,永和區,４１巷,
復興街,永和區,４１巷,１１弄
復興街,永和區,７１巷,
勵行街,永和區,９巷,
勵行街,永和區,２８巷,
勵行街,永和區,２９巷,
勵行街,永和區,４２巷,
中和路,永和區,３０５巷,２弄
中和路,永和區,３０５巷,４弄
中和路,永和區,３０５巷,
中和路,永和區,３０５巷,１０弄
中和路,永和區,３０５巷,１６弄
中和路,永和區,３０５巷,１８弄
中和路,永和區,３０５巷,２０弄
中和路,永和區,３３５巷,６弄
中和路,永和區,３３５巷,
中和路,永和區,３３５巷,１８弄
中和路,永和區,３３５巷,２０弄
中和路,永和區,３８９巷,１弄
中和路,永和區,３８９巷,
中和路,永和區,３８９巷,１１弄
中和路,永和區,３８９巷,４４弄
中和路,永和區,４２１巷,
中和路,永和區,４２１巷,３弄
中和路,永和區,４２１巷,５弄
中和路,永和區,４２１巷,１６弄
雙和街,永和區,７巷,
雙和街,永和區,１７巷,
雙和街,永和區,２５巷,
雙和街,永和區,３７巷,
