行政區,路名,巷,弄
汐止區,,,
汐止區,三民街,１巷,
汐止區,三民街,１０巷,
汐止區,三民街,１５巷,
汐止區,三民街,２巷,
汐止區,三民街,４巷,
汐止區,三民街,,
汐止區,中正路,１３２巷,
汐止區,中正路,１６１巷,１弄
汐止區,中正路,１６１巷,２弄
汐止區,中正路,１６１巷,
汐止區,中正路,２２４巷,
汐止區,中正路,２３０巷,
汐止區,中正路,２３７巷,１４弄
汐止區,中正路,２３７巷,５弄
汐止區,中正路,２３７巷,
汐止區,中正路,２４４巷,
汐止區,中正路,３０巷,
汐止區,中正路,９９巷,
汐止區,中正路,,
汐止區,中興路,１巷,
汐止區,中興路,１０７巷,
汐止區,中興路,１１０巷,３０弄
汐止區,中興路,１１０巷,４弄
汐止區,中興路,１１０巷,８弄
汐止區,中興路,１１０巷,９弄
汐止區,中興路,１１０巷,
汐止區,中興路,１１７巷,８弄
汐止區,中興路,１１７巷,
汐止區,中興路,１５０巷,２７弄
汐止區,中興路,１５０巷,
汐止區,中興路,１５７巷,
汐止區,中興路,１８１巷,１２弄
汐止區,中興路,１８１巷,１４弄
汐止區,中興路,１８１巷,１６弄
汐止區,中興路,１８１巷,２４弄
汐止區,中興路,１８１巷,２９弄
汐止區,中興路,１８１巷,
汐止區,中興路,１８３巷,
汐止區,中興路,２１４巷,７弄
汐止區,中興路,２１４巷,８弄
汐止區,中興路,２１４巷,
汐止區,中興路,２２８巷,
汐止區,中興路,２４６巷,
汐止區,中興路,２６８巷,
汐止區,中興路,２７巷,２弄
汐止區,中興路,２７巷,６弄
汐止區,中興路,２７巷,８弄
汐止區,中興路,２７巷,
汐止區,中興路,２７４巷,
汐止區,中興路,２８０巷,
汐止區,中興路,２８６巷,
汐止區,中興路,２９１巷,
汐止區,中興路,４１巷,
汐止區,中興路,９６巷,
汐止區,中興路,,
汐止區,中華街,１２９巷,
汐止區,中華街,１３巷,
汐止區,中華街,１３１巷,７弄
汐止區,中華街,１３１巷,
汐止區,中華街,５７巷,
汐止區,中華街,６５巷,
汐止區,中華街,,
汐止區,仁愛路,１０６巷,
汐止區,仁愛路,１１３巷,
汐止區,仁愛路,１１９巷,
汐止區,仁愛路,１２１巷,
汐止區,仁愛路,１２２巷,
汐止區,仁愛路,１５巷,
汐止區,仁愛路,１５１巷,
汐止區,仁愛路,１５２巷,
汐止區,仁愛路,１８巷,１弄
汐止區,仁愛路,１８巷,
汐止區,仁愛路,２００巷,１１弄
汐止區,仁愛路,２００巷,
汐止區,仁愛路,２０１巷,
汐止區,仁愛路,２９巷,
汐止區,仁愛路,３１６巷,
汐止區,仁愛路,７７巷,２弄
汐止區,仁愛路,７７巷,
汐止區,仁愛路,,
汐止區,伯爵街,１巷,
汐止區,伯爵街,１０巷,
汐止區,伯爵街,１２巷,２２弄
汐止區,伯爵街,１２巷,２４弄
汐止區,伯爵街,１２巷,２６弄
汐止區,伯爵街,１２巷,２８弄
汐止區,伯爵街,１２巷,
汐止區,伯爵街,１４巷,２弄
汐止區,伯爵街,１４巷,
汐止區,伯爵街,２巷,
汐止區,伯爵街,３巷,
汐止區,伯爵街,３５巷,
汐止區,伯爵街,３７巷,
汐止區,伯爵街,３８巷,
汐止區,伯爵街,３９巷,
汐止區,伯爵街,４０巷,
汐止區,伯爵街,４１巷,
汐止區,伯爵街,４２巷,
汐止區,伯爵街,４３巷,
汐止區,伯爵街,４４巷,
汐止區,伯爵街,４５巷,
汐止區,伯爵街,４７巷,
汐止區,伯爵街,４９巷,
汐止區,伯爵街,５巷,７弄
汐止區,伯爵街,５巷,９弄
汐止區,伯爵街,５巷,
汐止區,伯爵街,５１巷,
汐止區,伯爵街,５２巷,
汐止區,伯爵街,５３巷,
汐止區,伯爵街,５４巷,
汐止區,伯爵街,５５巷,
汐止區,伯爵街,５７巷,
汐止區,伯爵街,５９巷,
汐止區,伯爵街,６巷,
汐止區,伯爵街,６１巷,
汐止區,伯爵街,６３巷,
汐止區,伯爵街,８巷,
汐止區,伯爵街,９３巷,
汐止區,伯爵街,９４巷,
汐止區,伯爵街,９５巷,
汐止區,伯爵街,９６巷,
汐止區,伯爵街,９７巷,
汐止區,伯爵街,９８巷,
汐止區,伯爵街,,
汐止區,保一街,２２巷,
汐止區,保一街,２５巷,
汐止區,保一街,３５巷,１０弄
汐止區,保一街,３５巷,
汐止區,保一街,８巷,
汐止區,保一街,９巷,８弄
汐止區,保一街,９巷,
汐止區,保一街,,
汐止區,保新街,,
汐止區,保長路,１４７巷,
汐止區,保長路,１９巷,
汐止區,保長路,２６５巷,
汐止區,保長路,２７巷,
汐止區,保長路,２７１巷,
汐止區,保長路,２７３巷,
汐止區,保長路,３５巷,１５弄
汐止區,保長路,３５巷,１６弄
汐止區,保長路,３５巷,
汐止區,保長路,３７巷,
汐止區,保長路,４５巷,３弄
汐止區,保長路,４５巷,
汐止區,保長路,５１巷,
汐止區,保長路,,
汐止區,信義路,,
汐止區,光復街,７巷,
汐止區,光復街,８巷,
汐止區,光復街,,
汐止區,光明街,,
汐止區,內曾路,,
汐止區,八連路一段,１巷,
汐止區,八連路一段,１９７巷,
汐止區,八連路一段,１９８巷,
汐止區,八連路一段,２２３巷,
汐止區,八連路一段,２４９巷,
汐止區,八連路一段,２５７巷,
汐止區,八連路一段,３０９巷,
汐止區,八連路一段,３１１巷,１１弄
汐止區,八連路一段,３１１巷,１５弄
汐止區,八連路一段,３１１巷,３０弄
汐止區,八連路一段,３１１巷,
汐止區,八連路一段,４６巷,
汐止區,八連路一段,５３０巷,
汐止區,八連路一段,７８巷,
汐止區,八連路一段,８６巷,
汐止區,八連路一段,９４巷,
汐止區,八連路一段,,
汐止區,八連路三段,,
汐止區,八連路二段,２２８巷,８弄
汐止區,八連路二段,２２８巷,
汐止區,八連路二段,３２７巷,
汐止區,八連路二段,３２９巷,
汐止區,八連路二段,３３７巷,
汐止區,八連路二段,３５０巷,
汐止區,八連路二段,３６巷,
汐止區,八連路二段,４３０巷,
汐止區,八連路二段,５３０巷,
汐止區,八連路二段,５５１巷,
汐止區,八連路二段,６１０巷,
汐止區,八連路二段,６１７巷,
汐止區,八連路二段,,
汐止區,公園路,,
汐止區,力行街,１２巷,１弄
汐止區,力行街,１２巷,
汐止區,力行街,３９巷,
汐止區,力行街,５９巷,９弄
汐止區,力行街,５９巷,
汐止區,力行街,,
汐止區,勤進路,１２巷,
汐止區,勤進路,３巷,
汐止區,勤進路,４１９巷,
汐止區,勤進路,８３巷,
汐止區,勤進路,,
汐止區,南勢街,１巷,
汐止區,南勢街,,
汐止區,南昌街,１４巷,
汐止區,南昌街,２巷,
汐止區,南昌街,,
汐止區,南興路,６巷,
汐止區,南興路,８２巷,１弄
汐止區,南興路,８２巷,
汐止區,南興路,８３巷,
汐止區,南興路,,
汐止區,南陽街,１巷,
汐止區,南陽街,１１５巷,
汐止區,南陽街,１２０巷,
汐止區,南陽街,１２１巷,
汐止區,南陽街,１８０巷,
汐止區,南陽街,２４０巷,
汐止區,南陽街,２５６巷,
汐止區,南陽街,２７９巷,
汐止區,南陽街,３９巷,
汐止區,南陽街,６１巷,
汐止區,南陽街,７３巷,１０弄
汐止區,南陽街,７３巷,１５弄
汐止區,南陽街,７３巷,２０弄
汐止區,南陽街,７３巷,９弄
汐止區,南陽街,７３巷,
汐止區,南陽街,９０巷,
汐止區,南陽街,９１巷,３８弄
汐止區,南陽街,９１巷,
汐止區,南陽街,,
汐止區,原興路,６０巷,
汐止區,原興路,７３巷,
汐止區,原興路,７４巷,
汐止區,原興路,７６巷,
汐止區,原興路,７８巷,
汐止區,原興路,,
汐止區,合順街,１巷,
汐止區,合順街,１３巷,２１弄
汐止區,合順街,１３巷,２３弄
汐止區,合順街,１３巷,
汐止區,合順街,１８巷,２弄
汐止區,合順街,１８巷,２３弄
汐止區,合順街,１８巷,３１弄
汐止區,合順街,１８巷,８弄
汐止區,合順街,１８巷,
汐止區,合順街,２３巷,
汐止區,合順街,３９巷,
汐止區,合順街,４４巷,
汐止區,合順街,５４巷,８弄
汐止區,合順街,５４巷,
汐止區,合順街,,
汐止區,吉林街,１２巷,
汐止區,吉林街,２４巷,１６弄
汐止區,吉林街,２４巷,２８弄
汐止區,吉林街,２４巷,３７弄
汐止區,吉林街,２４巷,３９弄
汐止區,吉林街,２４巷,４１弄
汐止區,吉林街,２４巷,４３弄
汐止區,吉林街,２４巷,５４弄
汐止區,吉林街,２４巷,５６弄
汐止區,吉林街,２４巷,５８弄
汐止區,吉林街,２４巷,６０弄
汐止區,吉林街,２４巷,
汐止區,吉林街,,
汐止區,吉祥街,１巷,
汐止區,吉祥街,１１巷,
汐止區,吉祥街,１２巷,
汐止區,吉祥街,２７巷,
汐止區,吉祥街,９巷,
汐止區,吉祥街,,
汐止區,同興路,,
汐止區,和平街,１００巷,
汐止區,和平街,１０６巷,１弄
汐止區,和平街,１０６巷,
汐止區,和平街,２巷,
汐止區,和平街,３６巷,
汐止區,和平街,４６巷,１３弄
汐止區,和平街,４６巷,７弄
汐止區,和平街,４６巷,
汐止區,和平街,６巷,１弄
汐止區,和平街,６巷,３弄
汐止區,和平街,６巷,５弄
汐止區,和平街,６巷,
汐止區,和平街,７１巷,
汐止區,和平街,７３巷,
汐止區,和平街,８３巷,
汐止區,和平街,８８巷,
汐止區,和平街,,
汐止區,國興街,１６巷,１９弄
汐止區,國興街,１６巷,２１弄
汐止區,國興街,１６巷,
汐止區,國興街,２１巷,１５弄
汐止區,國興街,２１巷,
汐止區,國興街,２２巷,３０弄
汐止區,國興街,２２巷,
汐止區,國興街,２３巷,
汐止區,國興街,２４巷,
汐止區,國興街,２６巷,
汐止區,國興街,２８巷,
汐止區,國興街,３０巷,
汐止區,國興街,８巷,
汐止區,國興街,,
汐止區,夢湖路,２巷,
汐止區,夢湖路,,
汐止區,大同路一段,１１１巷,
汐止區,大同路一段,１４６巷,
汐止區,大同路一段,２１９巷,
汐止區,大同路一段,２８６巷,
汐止區,大同路一段,２９２巷,
汐止區,大同路一段,３０２巷,
汐止區,大同路一段,３３７巷,１５弄
汐止區,大同路一段,３３７巷,１６弄
汐止區,大同路一段,３３７巷,１７弄
汐止區,大同路一段,３３７巷,
汐止區,大同路一段,４０３巷,
汐止區,大同路一段,５１５巷,４７弄
汐止區,大同路一段,５１５巷,８弄
汐止區,大同路一段,５１５巷,
汐止區,大同路一段,,
汐止區,大同路三段,１０５巷,１弄
汐止區,大同路三段,１０５巷,２弄
汐止區,大同路三段,１０５巷,
汐止區,大同路三段,１３９巷,１弄
汐止區,大同路三段,１３９巷,
汐止區,大同路三段,２１巷,
汐止區,大同路三段,３２巷,１弄
汐止區,大同路三段,３２巷,
汐止區,大同路三段,３４０巷,
汐止區,大同路三段,３４９巷,
汐止區,大同路三段,３６９巷,
汐止區,大同路三段,３７０巷,
汐止區,大同路三段,３９０巷,
汐止區,大同路三段,４６巷,
汐止區,大同路三段,４６１巷,
汐止區,大同路三段,６２巷,
汐止區,大同路三段,９７巷,
汐止區,大同路三段,,
汐止區,大同路二段,１０３巷,
汐止區,大同路二段,１６９巷,２２弄
汐止區,大同路二段,１６９巷,２４弄
汐止區,大同路二段,１６９巷,
汐止區,大同路二段,１８４巷,
汐止區,大同路二段,１８７巷,１０弄
汐止區,大同路二段,１８７巷,２弄
汐止區,大同路二段,１８７巷,４弄
汐止區,大同路二段,１８７巷,６弄
汐止區,大同路二段,１８７巷,８弄
汐止區,大同路二段,１８７巷,
汐止區,大同路二段,２１８巷,
汐止區,大同路二段,２７２巷,
汐止區,大同路二段,２９６巷,
汐止區,大同路二段,３１２巷,１１弄
汐止區,大同路二段,３１２巷,１６弄
汐止區,大同路二段,３１２巷,９弄
汐止區,大同路二段,３１２巷,
汐止區,大同路二段,３２２巷,
汐止區,大同路二段,３３８巷,
汐止區,大同路二段,３４９巷,
汐止區,大同路二段,３７２巷,
汐止區,大同路二段,３８５巷,
汐止區,大同路二段,４１巷,３弄
汐止區,大同路二段,４１巷,
汐止區,大同路二段,４８２巷,
汐止區,大同路二段,４９０巷,
汐止區,大同路二段,５３巷,
汐止區,大同路二段,５５１巷,
汐止區,大同路二段,,
汐止區,大安街,５２巷,
汐止區,大安街,５６巷,２１弄
汐止區,大安街,５６巷,３３弄
汐止區,大安街,５６巷,４０弄
汐止區,大安街,５６巷,７弄
汐止區,大安街,５６巷,
汐止區,大安街,,
汐止區,姜子寮路,５１巷,
汐止區,姜子寮路,６１巷,
汐止區,姜子寮路,６９巷,
汐止區,姜子寮路,,
汐止區,宜興街,１０巷,
汐止區,宜興街,１９巷,
汐止區,宜興街,２０巷,
汐止區,宜興街,２９巷,
汐止區,宜興街,３０巷,
汐止區,宜興街,３３巷,
汐止區,宜興街,３５巷,
汐止區,宜興街,３７巷,
汐止區,宜興街,４０巷,２２弄
汐止區,宜興街,４０巷,５弄
汐止區,宜興街,４０巷,７弄
汐止區,宜興街,４０巷,９弄
汐止區,宜興街,４０巷,
汐止區,宜興街,５０巷,
汐止區,宜興街,５９巷,１２弄
汐止區,宜興街,５９巷,
汐止區,宜興街,６１巷,
汐止區,宜興街,６７巷,
汐止區,宜興街,７９巷,１１弄
汐止區,宜興街,７９巷,１６弄
汐止區,宜興街,７９巷,
汐止區,宜興街,９巷,
汐止區,宜興街,,
汐止區,小坑路,３６巷,
汐止區,小坑路,,
汐止區,工建路,１５１巷,
汐止區,工建路,５０６巷,
汐止區,工建路,,
汐止區,康寧街,１４１巷,１弄
汐止區,康寧街,１４１巷,２０弄
汐止區,康寧街,１４１巷,２２弄
汐止區,康寧街,１４１巷,２４弄
汐止區,康寧街,１４１巷,３９弄
汐止區,康寧街,１４１巷,
汐止區,康寧街,１６９巷,
汐止區,康寧街,２３３巷,
汐止區,康寧街,３０７巷,１弄
汐止區,康寧街,３０７巷,
汐止區,康寧街,３５１巷,
汐止區,康寧街,４２８巷,
汐止區,康寧街,４５９巷,
汐止區,康寧街,４７４巷,
汐止區,康寧街,５３４巷,
汐止區,康寧街,５４１巷,１２弄
汐止區,康寧街,５４１巷,
汐止區,康寧街,５９１巷,
汐止區,康寧街,６１巷,２２弄
汐止區,康寧街,６１巷,２５弄
汐止區,康寧街,６１巷,５０弄
汐止區,康寧街,６１巷,
汐止區,康寧街,６２３巷,１６弄
汐止區,康寧街,６２３巷,１８弄
汐止區,康寧街,６２３巷,
汐止區,康寧街,７５１巷,
汐止區,康寧街,７５３巷,１０弄
汐止區,康寧街,７５３巷,２弄
汐止區,康寧街,７５３巷,
汐止區,康寧街,８１５巷,
汐止區,康寧街,８３巷,
汐止區,康寧街,８６１巷,
汐止區,康寧街,８８５巷,
汐止區,康寧街,,
汐止區,建成路,１４２巷,１９弄
汐止區,建成路,１４２巷,４５弄
汐止區,建成路,１４２巷,
汐止區,建成路,１６０巷,
汐止區,建成路,１７８巷,
汐止區,建成路,２３巷,
汐止區,建成路,２８巷,
汐止區,建成路,３７巷,
汐止區,建成路,５６巷,６９弄
汐止區,建成路,５６巷,
汐止區,建成路,５７巷,
汐止區,建成路,５９巷,
汐止區,建成路,,
汐止區,弘道街,５３巷,１４弄
汐止區,弘道街,５３巷,１９弄
汐止區,弘道街,５３巷,２０弄
汐止區,弘道街,５３巷,２６弄
汐止區,弘道街,５３巷,２７弄
汐止區,弘道街,５３巷,３０弄
汐止區,弘道街,５３巷,８弄
汐止區,弘道街,５３巷,９弄
汐止區,弘道街,５３巷,
汐止區,弘道街,８巷,１弄
汐止區,弘道街,８巷,３弄
汐止區,弘道街,８巷,５弄
汐止區,弘道街,８巷,
汐止區,弘道街,９巷,２弄
汐止區,弘道街,９巷,３弄
汐止區,弘道街,９巷,４弄
汐止區,弘道街,９巷,７弄
汐止區,弘道街,９巷,
汐止區,弘道街,,
汐止區,復興路,１２巷,
汐止區,復興路,４８巷,
汐止區,復興路,５３巷,
汐止區,復興路,５８巷,
汐止區,復興路,６８巷,
汐止區,復興路,,
汐止區,忠一街,７１巷,
汐止區,忠一街,８巷,
汐止區,忠一街,９巷,
汐止區,忠一街,,
汐止區,忠三街,１０巷,３７弄
汐止區,忠三街,１０巷,
汐止區,忠三街,１１８巷,
汐止區,忠三街,１２巷,
汐止區,忠三街,１２０巷,
汐止區,忠三街,１４巷,
汐止區,忠三街,１６巷,
汐止區,忠三街,１８巷,
汐止區,忠三街,２６巷,
汐止區,忠三街,３５巷,
汐止區,忠三街,３７巷,
汐止區,忠三街,３９巷,４１弄
汐止區,忠三街,３９巷,
汐止區,忠三街,４１巷,
汐止區,忠三街,４２巷,
汐止區,忠三街,９巷,
汐止區,忠三街,,
汐止區,忠二街,１７巷,
汐止區,忠二街,１８巷,
汐止區,忠二街,２巷,
汐止區,忠二街,２０巷,
汐止區,忠二街,４巷,
汐止區,忠二街,６巷,
汐止區,忠二街,８巷,
汐止區,忠二街,,
汐止區,忠孝東路,２１１巷,
汐止區,忠孝東路,２２６巷,
汐止區,忠孝東路,２３３巷,
汐止區,忠孝東路,２５５巷,
汐止區,忠孝東路,２５８巷,１１弄
汐止區,忠孝東路,２５８巷,１５弄
汐止區,忠孝東路,２５８巷,１６弄
汐止區,忠孝東路,２５８巷,
汐止區,忠孝東路,２６４巷,
汐止區,忠孝東路,３１１巷,
汐止區,忠孝東路,３１４巷,１９弄
汐止區,忠孝東路,３１４巷,
汐止區,忠孝東路,３１６巷,
汐止區,忠孝東路,３３９巷,
汐止區,忠孝東路,３８２巷,１弄
汐止區,忠孝東路,３８２巷,３弄
汐止區,忠孝東路,３８２巷,
汐止區,忠孝東路,４２２巷,
汐止區,忠孝東路,４３４巷,１弄
汐止區,忠孝東路,４３４巷,
汐止區,忠孝東路,４６２巷,３８弄
汐止區,忠孝東路,４６２巷,
汐止區,忠孝東路,４７３巷,
汐止區,忠孝東路,５００巷,２４弄
汐止區,忠孝東路,５００巷,
汐止區,忠孝東路,,
汐止區,招商街,１１巷,
汐止區,招商街,１９巷,
汐止區,招商街,４巷,
汐止區,招商街,６６巷,２０弄
汐止區,招商街,６６巷,
汐止區,招商街,,
汐止區,新台五路一段,１４３巷,２弄
汐止區,新台五路一段,１４３巷,
汐止區,新台五路一段,,
汐止區,新台五路二段,１１０巷,
汐止區,新台五路二段,１１６巷,１５弄
汐止區,新台五路二段,１１６巷,１８弄
汐止區,新台五路二段,１１６巷,
汐止區,新台五路二段,１２０巷,
汐止區,新台五路二段,１２６巷,１３弄
汐止區,新台五路二段,１２６巷,
汐止區,新台五路二段,２０巷,
汐止區,新台五路二段,２３８巷,
汐止區,新台五路二段,３１巷,
汐止區,新台五路二段,４１巷,
汐止區,新台五路二段,７０巷,
汐止區,新台五路二段,８巷,
汐止區,新台五路二段,８５巷,
汐止區,新台五路二段,,
汐止區,新昌路,,
汐止區,新江北路,１５巷,
汐止區,新江北路,３０巷,２２弄
汐止區,新江北路,３０巷,３０弄
汐止區,新江北路,３０巷,
汐止區,新江北路,,
汐止區,新興路,５３巷,
汐止區,新興路,８４巷,
汐止區,新興路,８５巷,
汐止區,新興路,,
汐止區,明峰街,１２７巷,
汐止區,明峰街,２巷,
汐止區,明峰街,２９７巷,３弄
汐止區,明峰街,２９７巷,５弄
汐止區,明峰街,２９７巷,
汐止區,明峰街,２９８巷,１０弄
汐止區,明峰街,２９８巷,２弄
汐止區,明峰街,２９８巷,３弄
汐止區,明峰街,２９８巷,５弄
汐止區,明峰街,２９８巷,７弄
汐止區,明峰街,２９８巷,８弄
汐止區,明峰街,２９８巷,
汐止區,明峰街,３０２巷,
汐止區,明峰街,３０５巷,
汐止區,明峰街,３１４巷,
汐止區,明峰街,６巷,
汐止區,明峰街,,
汐止區,東勢街,１巷,
汐止區,東勢街,１９０巷,
汐止區,東勢街,２０１巷,１０６弄
汐止區,東勢街,２０１巷,１２９弄
汐止區,東勢街,２０１巷,１６３弄
汐止區,東勢街,２０１巷,４３５弄
汐止區,東勢街,２０１巷,４３７弄
汐止區,東勢街,２０１巷,
汐止區,東勢街,２１５巷,１弄
汐止區,東勢街,２１５巷,２弄
汐止區,東勢街,２１５巷,３弄
汐止區,東勢街,２１５巷,３０弄
汐止區,東勢街,２１５巷,
汐止區,東勢街,２１６巷,１弄
汐止區,東勢街,２１６巷,１０弄
汐止區,東勢街,２１６巷,２弄
汐止區,東勢街,２１６巷,２０弄
汐止區,東勢街,２１６巷,２２弄
汐止區,東勢街,２１６巷,２４弄
汐止區,東勢街,２１６巷,２５弄
汐止區,東勢街,２１６巷,３弄
汐止區,東勢街,２１６巷,４弄
汐止區,東勢街,２１６巷,５弄
汐止區,東勢街,２１６巷,６弄
汐止區,東勢街,２１６巷,７弄
汐止區,東勢街,２１６巷,８弄
汐止區,東勢街,２１６巷,９弄
汐止區,東勢街,２１６巷,
汐止區,東勢街,７６巷,５１弄
汐止區,東勢街,７６巷,
汐止區,東勢街,,
汐止區,東山路,３１巷,
汐止區,東山路,,
汐止區,林森街,１２９巷,
汐止區,林森街,１３１巷,
汐止區,林森街,１３２巷,５弄
汐止區,林森街,１３２巷,６弄
汐止區,林森街,１３２巷,
汐止區,林森街,１４０巷,
汐止區,林森街,１４３巷,
汐止區,林森街,２９巷,
汐止區,林森街,６９巷,
汐止區,林森街,７１巷,
汐止區,林森街,７３巷,
汐止區,林森街,,
汐止區,樟樹一路,１巷,
汐止區,樟樹一路,１１９巷,１０弄
汐止區,樟樹一路,１１９巷,
汐止區,樟樹一路,１２０巷,
汐止區,樟樹一路,１２３巷,
汐止區,樟樹一路,１２９巷,１８弄
汐止區,樟樹一路,１２９巷,２０弄
汐止區,樟樹一路,１２９巷,３４弄
汐止區,樟樹一路,１２９巷,
汐止區,樟樹一路,１３３巷,
汐止區,樟樹一路,１３５巷,
汐止區,樟樹一路,１３７巷,
汐止區,樟樹一路,１３９巷,
汐止區,樟樹一路,１４１巷,
汐止區,樟樹一路,１４５巷,
汐止區,樟樹一路,１５１巷,
汐止區,樟樹一路,１５２巷,
汐止區,樟樹一路,１５５巷,
汐止區,樟樹一路,１９８巷,
汐止區,樟樹一路,２巷,
汐止區,樟樹一路,２１６巷,
汐止區,樟樹一路,２２６巷,１弄
汐止區,樟樹一路,２２６巷,３弄
汐止區,樟樹一路,２２６巷,
汐止區,樟樹一路,２５２巷,７弄
汐止區,樟樹一路,２５２巷,
汐止區,樟樹一路,２６４巷,１弄
汐止區,樟樹一路,２６４巷,
汐止區,樟樹一路,９９巷,１１弄
汐止區,樟樹一路,９９巷,２弄
汐止區,樟樹一路,９９巷,５弄
汐止區,樟樹一路,９９巷,７弄
汐止區,樟樹一路,９９巷,９弄
汐止區,樟樹一路,９９巷,
汐止區,樟樹一路,,
汐止區,樟樹二路,１０６巷,
汐止區,樟樹二路,１２８巷,
汐止區,樟樹二路,１３６巷,
汐止區,樟樹二路,２５１巷,
汐止區,樟樹二路,２７７巷,
汐止區,樟樹二路,２９３巷,
汐止區,樟樹二路,３０２巷,
汐止區,樟樹二路,３１６巷,
汐止區,樟樹二路,３３０巷,
汐止區,樟樹二路,３３９巷,１０弄
汐止區,樟樹二路,３３９巷,６弄
汐止區,樟樹二路,３３９巷,
汐止區,樟樹二路,３４２巷,
汐止區,樟樹二路,,
汐止區,橋東街,４１巷,
汐止區,橋東街,,
汐止區,橫科路,１２１巷,１１弄
汐止區,橫科路,１２１巷,５１弄
汐止區,橫科路,１２１巷,５２弄
汐止區,橫科路,１２１巷,５９弄
汐止區,橫科路,１２１巷,
汐止區,橫科路,１８巷,３２弄
汐止區,橫科路,１８巷,３３弄
汐止區,橫科路,１８巷,９弄
汐止區,橫科路,１８巷,
汐止區,橫科路,２巷,
汐止區,橫科路,２１巷,７弄
汐止區,橫科路,２１巷,
汐止區,橫科路,２２１巷,
汐止區,橫科路,３２１巷,２６弄
汐止區,橫科路,３２１巷,
汐止區,橫科路,３２２巷,２４弄
汐止區,橫科路,３２２巷,
汐止區,橫科路,３５１巷,２６弄
汐止區,橫科路,３５１巷,４２弄
汐止區,橫科路,３５１巷,
汐止區,橫科路,３５２巷,
汐止區,橫科路,３５７巷,
汐止區,橫科路,３６７巷,２４弄
汐止區,橫科路,３６７巷,
汐止區,橫科路,３８５巷,６弄
汐止區,橫科路,３８５巷,
汐止區,橫科路,４巷,１弄
汐止區,橫科路,４巷,３弄
汐止區,橫科路,４巷,
汐止區,橫科路,４０３巷,
汐止區,橫科路,４０７巷,２５弄
汐止區,橫科路,４０７巷,３０弄
汐止區,橫科路,４０７巷,８１弄
汐止區,橫科路,４０７巷,
汐止區,橫科路,５２巷,１１弄
汐止區,橫科路,５２巷,１４弄
汐止區,橫科路,５２巷,９弄
汐止區,橫科路,５２巷,
汐止區,橫科路,６２５巷,１２弄
汐止區,橫科路,６２５巷,
汐止區,橫科路,６７巷,１６弄
汐止區,橫科路,６７巷,
汐止區,橫科路,７３巷,２０弄
汐止區,橫科路,７３巷,
汐止區,橫科路,７５１巷,１２４弄
汐止區,橫科路,７５１巷,
汐止區,橫科路,８７２巷,
汐止區,橫科路,８９５巷,
汐止區,橫科路,,
汐止區,民族一街,,
汐止區,民族三街,,
汐止區,民族二街,２１巷,
汐止區,民族二街,２６巷,
汐止區,民族二街,３巷,
汐止區,民族二街,３０巷,
汐止區,民族二街,３２巷,
汐止區,民族二街,３４巷,
汐止區,民族二街,５巷,
汐止區,民族二街,８４巷,２弄
汐止區,民族二街,８４巷,
汐止區,民族二街,９７巷,
汐止區,民族二街,,
汐止區,民族五街,７０巷,２弄
汐止區,民族五街,７０巷,
汐止區,民族五街,９４巷,２弄
汐止區,民族五街,９４巷,
汐止區,民族五街,,
汐止區,民族六街,１巷,
汐止區,民族六街,１０巷,
汐止區,民族六街,２巷,
汐止區,民族六街,２３巷,１弄
汐止區,民族六街,２３巷,３弄
汐止區,民族六街,２３巷,
汐止區,民族六街,３巷,
汐止區,民族六街,４巷,
汐止區,民族六街,５巷,
汐止區,民族六街,６巷,
汐止區,民族六街,７巷,
汐止區,民族六街,８巷,
汐止區,民族六街,,
汐止區,民權街一段,１巷,１２弄
汐止區,民權街一段,１巷,
汐止區,民權街一段,２１１巷,
汐止區,民權街一段,,
汐止區,民權街二段,１００巷,
汐止區,民權街二段,１０９巷,１１弄
汐止區,民權街二段,１０９巷,４弄
汐止區,民權街二段,１０９巷,６弄
汐止區,民權街二段,１０９巷,８弄
汐止區,民權街二段,１０９巷,
汐止區,民權街二段,６７巷,
汐止區,民權街二段,８１巷,１１弄
汐止區,民權街二段,８１巷,１２弄
汐止區,民權街二段,８１巷,１４弄
汐止區,民權街二段,８１巷,９弄
汐止區,民權街二段,８１巷,
汐止區,民權街二段,９７巷,４弄
汐止區,民權街二段,９７巷,
汐止區,民權街二段,,
汐止區,民生街,２巷,
汐止區,民生街,４巷,
汐止區,民生街,,
汐止區,水源路一段,１６８巷,
汐止區,水源路一段,１７３巷,
汐止區,水源路一段,１９０巷,６弄
汐止區,水源路一段,１９０巷,
汐止區,水源路一段,２３８巷,５弄
汐止區,水源路一段,２３８巷,
汐止區,水源路一段,２４巷,
汐止區,水源路一段,２６６巷,１弄
汐止區,水源路一段,２６６巷,
汐止區,水源路一段,２６９巷,
汐止區,水源路一段,２８２巷,
汐止區,水源路一段,２８３巷,１弄
汐止區,水源路一段,２８３巷,
汐止區,水源路一段,２９１巷,１３弄
汐止區,水源路一段,２９１巷,２弄
汐止區,水源路一段,２９１巷,４弄
汐止區,水源路一段,２９１巷,
汐止區,水源路一段,３４巷,
汐止區,水源路一段,５４巷,
汐止區,水源路一段,,
汐止區,水源路二段,１１０巷,２弄
汐止區,水源路二段,１１０巷,
汐止區,水源路二段,１２５巷,１０弄
汐止區,水源路二段,１２５巷,１２弄
汐止區,水源路二段,１２５巷,１６弄
汐止區,水源路二段,１２５巷,１８弄
汐止區,水源路二段,１２５巷,２０弄
汐止區,水源路二段,１２５巷,２２弄
汐止區,水源路二段,１２５巷,８弄
汐止區,水源路二段,１２５巷,
汐止區,水源路二段,１５４巷,
汐止區,水源路二段,１７６巷,
汐止區,水源路二段,１８４巷,
汐止區,水源路二段,２０４巷,
汐止區,水源路二段,２２巷,
汐止區,水源路二段,２８３巷,
汐止區,水源路二段,３６巷,
汐止區,水源路二段,４２５巷,
汐止區,水源路二段,５１巷,
汐止區,水源路二段,７２巷,２６弄
汐止區,水源路二段,７２巷,２８弄
汐止區,水源路二段,７２巷,３１弄
汐止區,水源路二段,７２巷,４０弄
汐止區,水源路二段,７２巷,５０弄
汐止區,水源路二段,７２巷,６弄
汐止區,水源路二段,７２巷,６０弄
汐止區,水源路二段,７２巷,７０弄
汐止區,水源路二段,７２巷,７１弄
汐止區,水源路二段,７２巷,９弄
汐止區,水源路二段,７２巷,
汐止區,水源路二段,８８巷,１弄
汐止區,水源路二段,８８巷,２弄
汐止區,水源路二段,８８巷,
汐止區,水源路二段,,
汐止區,水碓街,２６巷,
汐止區,水碓街,,
汐止區,永春一路,１５巷,１弄
汐止區,永春一路,１５巷,２弄
汐止區,永春一路,１５巷,
汐止區,永春一路,８巷,
汐止區,永春一路,,
汐止區,永春二路,,
汐止區,汐平路一段,１１１巷,
汐止區,汐平路一段,１５６巷,
汐止區,汐平路一段,４９巷,
汐止區,汐平路一段,５３巷,
汐止區,汐平路一段,５５巷,
汐止區,汐平路一段,６巷,
汐止區,汐平路一段,,
汐止區,汐平路二段,１１４巷,
汐止區,汐平路二段,２６巷,
汐止區,汐平路二段,２８２巷,
汐止區,汐平路二段,６３巷,
汐止區,汐平路二段,９２巷,
汐止區,汐平路二段,,
汐止區,汐碇路,１６之１巷,
汐止區,汐碇路,３７０巷,
汐止區,汐碇路,３７５巷,
汐止區,汐碇路,３８０巷,
汐止區,汐碇路,４３６巷,１０４弄
汐止區,汐碇路,４３６巷,１０５弄
汐止區,汐碇路,４３６巷,１０６弄
汐止區,汐碇路,４３６巷,１０７弄
汐止區,汐碇路,４３６巷,
汐止區,汐碇路,５２６巷,
汐止區,汐碇路,５３６巷,
汐止區,汐碇路,,
汐止區,汐科路,,
汐止區,汐萬路一段,１１５巷,２２弄
汐止區,汐萬路一段,１１５巷,
汐止區,汐萬路一段,１２０巷,
汐止區,汐萬路一段,１２３巷,
汐止區,汐萬路一段,１３９巷,
汐止區,汐萬路一段,１５１巷,
汐止區,汐萬路一段,１７３巷,
汐止區,汐萬路一段,１７７巷,
汐止區,汐萬路一段,２０２巷,
汐止區,汐萬路一段,２１１巷,
汐止區,汐萬路一段,２１８巷,
汐止區,汐萬路一段,２５６巷,
汐止區,汐萬路一段,２６５巷,
汐止區,汐萬路一段,２７８巷,
汐止區,汐萬路一段,３３３巷,
汐止區,汐萬路一段,３４３巷,１３弄
汐止區,汐萬路一段,３４３巷,２弄
汐止區,汐萬路一段,３４３巷,
汐止區,汐萬路一段,４０３巷,１弄
汐止區,汐萬路一段,４０３巷,
汐止區,汐萬路一段,４１８巷,１弄
汐止區,汐萬路一段,４１８巷,１０弄
汐止區,汐萬路一段,４１８巷,４２弄
汐止區,汐萬路一段,４１８巷,４４弄
汐止區,汐萬路一段,４１８巷,６弄
汐止區,汐萬路一段,４１８巷,
汐止區,汐萬路一段,,
汐止區,汐萬路三段,１９９巷,１弄
汐止區,汐萬路三段,１９９巷,２弄
汐止區,汐萬路三段,１９９巷,２６弄
汐止區,汐萬路三段,１９９巷,２８弄
汐止區,汐萬路三段,１９９巷,３弄
汐止區,汐萬路三段,１９９巷,３０弄
汐止區,汐萬路三段,１９９巷,３２弄
汐止區,汐萬路三段,１９９巷,３４弄
汐止區,汐萬路三段,１９９巷,３６弄
汐止區,汐萬路三段,１９９巷,３７弄
汐止區,汐萬路三段,１９９巷,３９弄
汐止區,汐萬路三段,１９９巷,４１弄
汐止區,汐萬路三段,１９９巷,４３弄
汐止區,汐萬路三段,１９９巷,５弄
汐止區,汐萬路三段,１９９巷,６０弄
汐止區,汐萬路三段,１９９巷,６２弄
汐止區,汐萬路三段,１９９巷,
汐止區,汐萬路三段,２１７巷,
汐止區,汐萬路三段,２２７巷,
汐止區,汐萬路三段,２３９巷,
汐止區,汐萬路三段,２５０巷,
汐止區,汐萬路三段,２５２巷,
汐止區,汐萬路三段,２６５巷,
汐止區,汐萬路三段,３００巷,
汐止區,汐萬路三段,３０２巷,
汐止區,汐萬路三段,３０８巷,
汐止區,汐萬路三段,３１巷,
汐止區,汐萬路三段,３１８巷,
汐止區,汐萬路三段,３５０巷,
汐止區,汐萬路三段,３６６巷,
汐止區,汐萬路三段,３８０巷,
汐止區,汐萬路三段,７４巷,
汐止區,汐萬路三段,,
汐止區,汐萬路二段,１２２巷,１０弄
汐止區,汐萬路二段,１２２巷,３０弄
汐止區,汐萬路二段,１２２巷,３３弄
汐止區,汐萬路二段,１２２巷,３８弄
汐止區,汐萬路二段,１２２巷,
汐止區,汐萬路二段,２１巷,
汐止區,汐萬路二段,２１６巷,
汐止區,汐萬路二段,２２１巷,
汐止區,汐萬路二段,２２８巷,１８弄
汐止區,汐萬路二段,２２８巷,３１弄
汐止區,汐萬路二段,２２８巷,
汐止區,汐萬路二段,２３巷,
汐止區,汐萬路二段,２４５巷,
汐止區,汐萬路二段,２５２巷,
汐止區,汐萬路二段,２７５巷,１弄
汐止區,汐萬路二段,２７５巷,３弄
汐止區,汐萬路二段,２７５巷,
汐止區,汐萬路二段,３０６巷,
汐止區,汐萬路二段,３２５巷,
汐止區,汐萬路二段,３３５巷,
汐止區,汐萬路二段,３７巷,
汐止區,汐萬路二段,６２巷,
汐止區,汐萬路二段,６６巷,１０６弄
汐止區,汐萬路二段,６６巷,１１１弄
汐止區,汐萬路二段,６６巷,１２８弄
汐止區,汐萬路二段,６６巷,１３０弄
汐止區,汐萬路二段,６６巷,１３７弄
汐止區,汐萬路二段,６６巷,１３９弄
汐止區,汐萬路二段,６６巷,３弄
汐止區,汐萬路二段,６６巷,６３弄
汐止區,汐萬路二段,６６巷,６５弄
汐止區,汐萬路二段,６６巷,６８弄
汐止區,汐萬路二段,６６巷,
汐止區,汐萬路二段,９２巷,
汐止區,汐萬路二段,９８巷,
汐止區,汐萬路二段,,
汐止區,湖前街,１１０巷,２弄
汐止區,湖前街,１１０巷,９７弄
汐止區,湖前街,１１０巷,
汐止區,湖前街,１１４巷,
汐止區,湖前街,２巷,
汐止區,湖前街,３１巷,２弄
汐止區,湖前街,３１巷,
汐止區,湖前街,４３巷,
汐止區,湖前街,５３巷,
汐止區,湖前街,６８巷,６弄
汐止區,湖前街,６８巷,
汐止區,湖前街,７７巷,１２弄
汐止區,湖前街,７７巷,５弄
汐止區,湖前街,７７巷,
汐止區,湖前街,,
汐止區,湖東街,３３巷,
汐止區,湖東街,５巷,
汐止區,湖東街,７６巷,
汐止區,湖東街,,
汐止區,瑞松街,１４８巷,
汐止區,瑞松街,１５０巷,
汐止區,瑞松街,１５２巷,３１弄
汐止區,瑞松街,１５２巷,３３弄
汐止區,瑞松街,１５２巷,５５弄
汐止區,瑞松街,１５２巷,
汐止區,瑞松街,１５３巷,
汐止區,瑞松街,１８巷,１５弄
汐止區,瑞松街,１８巷,５弄
汐止區,瑞松街,１８巷,
汐止區,瑞松街,１９４巷,
汐止區,瑞松街,１９５巷,
汐止區,瑞松街,１９７巷,
汐止區,瑞松街,１９９巷,
汐止區,瑞松街,２０巷,
汐止區,瑞松街,２０４巷,
汐止區,瑞松街,２０６巷,
汐止區,瑞松街,２９巷,
汐止區,瑞松街,４７巷,９弄
汐止區,瑞松街,４７巷,
汐止區,瑞松街,４９巷,
汐止區,瑞松街,,
汐止區,環山路,,
汐止區,環河街,１２２巷,
汐止區,環河街,１６２巷,
汐止區,環河街,１６４巷,
汐止區,環河街,１８５巷,
汐止區,環河街,１８６巷,２弄
汐止區,環河街,１８６巷,
汐止區,環河街,１８９巷,
汐止區,環河街,７２巷,
汐止區,環河街,８０巷,
汐止區,環河街,８８巷,３弄
汐止區,環河街,８８巷,
汐止區,環河街,,
汐止區,白雲路,２８１巷,
汐止區,白雲路,,
汐止區,祥雲街,１０巷,
汐止區,祥雲街,１５巷,
汐止區,祥雲街,１８巷,
汐止區,祥雲街,９巷,
汐止區,祥雲街,,
汐止區,福安街,２０巷,２５弄
汐止區,福安街,２０巷,２７弄
汐止區,福安街,２０巷,
汐止區,福安街,２１巷,
汐止區,福安街,２２巷,
汐止區,福安街,２７巷,
汐止區,福安街,３７巷,
汐止區,福安街,５５巷,
汐止區,福安街,５７巷,
汐止區,福安街,５９巷,
汐止區,福安街,６１巷,
汐止區,福安街,,
汐止區,福山街,５６巷,
汐止區,福山街,５８巷,
汐止區,福山街,６０巷,１３弄
汐止區,福山街,６０巷,
汐止區,福山街,６２巷,
汐止區,福山街,６８巷,４弄
汐止區,福山街,６８巷,
汐止區,福山街,,
汐止區,福德一路,１０６巷,
汐止區,福德一路,１２巷,
汐止區,福德一路,１４１巷,
汐止區,福德一路,１５９巷,
汐止區,福德一路,１６０巷,
汐止區,福德一路,１７６巷,１弄
汐止區,福德一路,１７６巷,３弄
汐止區,福德一路,１７６巷,７弄
汐止區,福德一路,１７６巷,９弄
汐止區,福德一路,１７６巷,
汐止區,福德一路,１７７巷,１２弄
汐止區,福德一路,１７７巷,２２弄
汐止區,福德一路,１７７巷,
汐止區,福德一路,２巷,
汐止區,福德一路,２０１巷,１７弄
汐止區,福德一路,２０１巷,
汐止區,福德一路,２０６巷,
汐止區,福德一路,２１３巷,２弄
汐止區,福德一路,２１３巷,
汐止區,福德一路,２２６巷,１５弄
汐止區,福德一路,２２６巷,
汐止區,福德一路,２７２巷,７弄
汐止區,福德一路,２７２巷,
汐止區,福德一路,３００巷,２弄
汐止區,福德一路,３００巷,６弄
汐止區,福德一路,３００巷,
汐止區,福德一路,３１０巷,１弄
汐止區,福德一路,３１０巷,３弄
汐止區,福德一路,３１０巷,７弄
汐止區,福德一路,３１０巷,
汐止區,福德一路,３２８巷,
汐止區,福德一路,３４２巷,１弄
汐止區,福德一路,３４２巷,２弄
汐止區,福德一路,３４２巷,３弄
汐止區,福德一路,３４２巷,
汐止區,福德一路,３５１巷,１１弄
汐止區,福德一路,３５１巷,
汐止區,福德一路,３８１巷,
汐止區,福德一路,３９２巷,２２弄
汐止區,福德一路,３９２巷,３７弄
汐止區,福德一路,３９２巷,４１弄
汐止區,福德一路,３９２巷,４２弄
汐止區,福德一路,３９２巷,９弄
汐止區,福德一路,３９２巷,
汐止區,福德一路,３９３巷,
汐止區,福德一路,４０５巷,３０弄
汐止區,福德一路,４０５巷,
汐止區,福德一路,４１６巷,
汐止區,福德一路,４２１巷,
汐止區,福德一路,４３０巷,
汐止區,福德一路,４３１巷,
汐止區,福德一路,４４２巷,
汐止區,福德一路,４６２巷,
汐止區,福德一路,８６巷,
汐止區,福德一路,,
汐止區,福德三路,１２９巷,
汐止區,福德三路,,
汐止區,福德二路,１２５巷,６弄
汐止區,福德二路,１２５巷,
汐止區,福德二路,１３２巷,１弄
汐止區,福德二路,１３２巷,
汐止區,福德二路,１５６巷,
汐止區,福德二路,１８１巷,
汐止區,福德二路,１８７巷,
汐止區,福德二路,１９巷,１０弄
汐止區,福德二路,１９巷,
汐止區,福德二路,３５９巷,
汐止區,福德二路,５４巷,２弄
汐止區,福德二路,５４巷,
汐止區,福德二路,５５巷,１弄
汐止區,福德二路,５５巷,６弄
汐止區,福德二路,５５巷,
汐止區,福德二路,９１巷,６弄
汐止區,福德二路,９１巷,
汐止區,福德二路,,
汐止區,福德路,１２巷,
汐止區,福德路,２０巷,
汐止區,福德路,,
汐止區,禮門街,,
汐止區,秀山路,１００巷,
汐止區,秀山路,１０２巷,
汐止區,秀山路,１０４巷,
汐止區,秀山路,１１２巷,
汐止區,秀山路,１２１巷,
汐止區,秀山路,１２３巷,
汐止區,秀山路,１２５巷,
汐止區,秀山路,１２７巷,
汐止區,秀山路,１３０巷,
汐止區,秀山路,１４７巷,
汐止區,秀山路,１５７巷,
汐止區,秀山路,１７４巷,
汐止區,秀山路,５巷,１弄
汐止區,秀山路,５巷,２弄
汐止區,秀山路,５巷,３弄
汐止區,秀山路,５巷,４弄
汐止區,秀山路,５巷,
汐止區,秀山路,５３巷,２弄
汐止區,秀山路,５３巷,２３弄
汐止區,秀山路,５３巷,
汐止區,秀山路,６８巷,
汐止區,秀山路,９７巷,
汐止區,秀山路,９８巷,
汐止區,秀山路,,
汐止區,秀峰路,１０９巷,１弄
汐止區,秀峰路,１０９巷,２６弄
汐止區,秀峰路,１０９巷,
汐止區,秀峰路,１３７巷,
汐止區,秀峰路,１３８巷,
汐止區,秀峰路,１５１巷,
汐止區,秀峰路,１５３巷,
汐止區,秀峰路,６巷,
汐止區,秀峰路,８１巷,１５弄
汐止區,秀峰路,８１巷,
汐止區,秀峰路,,
汐止區,翠峰街,２巷,１１弄
汐止區,翠峰街,２巷,３弄
汐止區,翠峰街,２巷,３９弄
汐止區,翠峰街,２巷,５弄
汐止區,翠峰街,２巷,７弄
汐止區,翠峰街,２巷,９弄
汐止區,翠峰街,２巷,
汐止區,翠峰街,２１巷,１弄
汐止區,翠峰街,２１巷,３弄
汐止區,翠峰街,２１巷,４弄
汐止區,翠峰街,２１巷,
汐止區,翠峰街,８巷,１弄
汐止區,翠峰街,８巷,２弄
汐止區,翠峰街,８巷,３弄
汐止區,翠峰街,８巷,４弄
汐止區,翠峰街,８巷,５弄
汐止區,翠峰街,８巷,７弄
汐止區,翠峰街,８巷,
汐止區,翠峰街,,
汐止區,芳園街,４６巷,
汐止區,芳園街,,
汐止區,茄安路,１９６巷,
汐止區,茄安路,,
汐止區,茄福街,１２８巷,１弄
汐止區,茄福街,１２８巷,１０弄
汐止區,茄福街,１２８巷,３弄
汐止區,茄福街,１２８巷,７弄
汐止區,茄福街,１２８巷,
汐止區,茄福街,１４３巷,
汐止區,茄福街,１９８巷,
汐止區,茄福街,３１０巷,
汐止區,茄福街,３３巷,
汐止區,茄福街,３３４巷,
汐止區,茄福街,３５巷,
汐止區,茄福街,７３巷,
汐止區,茄福街,７６巷,
汐止區,茄福街,,
汐止區,茄興街,１６８巷,
汐止區,茄興街,２０巷,１弄
汐止區,茄興街,２０巷,
汐止區,茄興街,,
汐止區,茄苳路,１２０巷,１０弄
汐止區,茄苳路,１２０巷,３弄
汐止區,茄苳路,１２０巷,
汐止區,茄苳路,１２８巷,
汐止區,茄苳路,１４０巷,
汐止區,茄苳路,１９８巷,
汐止區,茄苳路,２巷,
汐止區,茄苳路,２０９巷,
汐止區,茄苳路,２２４巷,３弄
汐止區,茄苳路,２２４巷,
汐止區,茄苳路,２２５巷,１１弄
汐止區,茄苳路,２２５巷,９弄
汐止區,茄苳路,２２５巷,
汐止區,茄苳路,２３９巷,
汐止區,茄苳路,２５０巷,１１弄
汐止區,茄苳路,２５０巷,
汐止區,茄苳路,２５３巷,７弄
汐止區,茄苳路,２５３巷,
汐止區,茄苳路,２７５巷,
汐止區,茄苳路,２８２巷,２弄
汐止區,茄苳路,２８２巷,
汐止區,茄苳路,２９巷,
汐止區,茄苳路,３０巷,
汐止區,茄苳路,７２巷,
汐止區,茄苳路,８８巷,６弄
汐止區,茄苳路,８８巷,
汐止區,茄苳路,,
汐止區,莊敬街,１１９巷,
汐止區,莊敬街,１３１巷,
汐止區,莊敬街,１４１巷,
汐止區,莊敬街,１９巷,
汐止區,莊敬街,２９巷,９弄
汐止區,莊敬街,２９巷,
汐止區,莊敬街,,
汐止區,連峰街,１巷,
汐止區,連峰街,２２５巷,
汐止區,連峰街,３巷,
汐止區,連峰街,５巷,
汐止區,連峰街,,
汐止區,連興街,１２８巷,７弄
汐止區,連興街,１２８巷,９弄
汐止區,連興街,１２８巷,
汐止區,連興街,１３３巷,
汐止區,連興街,１４８巷,
汐止區,連興街,,
汐止區,鄉友街,８巷,
汐止區,鄉友街,,
汐止區,鄉長路一段,４５巷,
汐止區,鄉長路一段,５５巷,
汐止區,鄉長路一段,,
汐止區,鄉長路二段,１００巷,
汐止區,鄉長路二段,１６７巷,
汐止區,鄉長路二段,１８巷,
汐止區,鄉長路二段,２３巷,
汐止區,鄉長路二段,２６巷,
汐止區,鄉長路二段,４０巷,
汐止區,鄉長路二段,６巷,
汐止區,鄉長路二段,,
汐止區,長安路,１５巷,
汐止區,長安路,６５巷,
汐止區,長安路,７７巷,２２弄
汐止區,長安路,７７巷,
汐止區,長安路,,
汐止區,長江街,１３巷,１２弄
汐止區,長江街,１３巷,１５弄
汐止區,長江街,１３巷,１７弄
汐止區,長江街,１３巷,２弄
汐止區,長江街,１３巷,５弄
汐止區,長江街,１３巷,６弄
汐止區,長江街,１３巷,
汐止區,長江街,２５５巷,
汐止區,長江街,２５６巷,
汐止區,長江街,３３５巷,
汐止區,長江街,３４５巷,
汐止區,長江街,３９巷,４弄
汐止區,長江街,３９巷,
汐止區,長江街,５７巷,２０弄
汐止區,長江街,５７巷,２１弄
汐止區,長江街,５７巷,
汐止區,長江街,６７巷,１弄
汐止區,長江街,６７巷,２弄
汐止區,長江街,６７巷,
汐止區,長江街,７９巷,
汐止區,長江街,,
汐止區,長興街一段,８巷,
汐止區,長興街一段,,
汐止區,長興街二段,１７６巷,２弄
汐止區,長興街二段,１７６巷,
汐止區,長興街二段,２巷,
汐止區,長興街二段,４巷,１２弄
汐止區,長興街二段,４巷,
汐止區,長興街二段,５０巷,２弄
汐止區,長興街二段,５０巷,３０弄
汐止區,長興街二段,５０巷,４弄
汐止區,長興街二段,５０巷,４１弄
汐止區,長興街二段,５０巷,
汐止區,長興街二段,,
汐止區,長青路,１３１巷,１４弄
汐止區,長青路,１３１巷,２弄
汐止區,長青路,１３１巷,３弄
汐止區,長青路,１３１巷,４弄
汐止區,長青路,１３１巷,６弄
汐止區,長青路,１３１巷,
汐止區,長青路,１３２巷,１弄
汐止區,長青路,１３２巷,３弄
汐止區,長青路,１３２巷,５弄
汐止區,長青路,１３２巷,７弄
汐止區,長青路,１３２巷,９弄
汐止區,長青路,１３２巷,
汐止區,長青路,１８１巷,
汐止區,長青路,１８５巷,
汐止區,長青路,１８８巷,
汐止區,長青路,１９１巷,
汐止區,長青路,１９２巷,
汐止區,長青路,２００巷,
汐止區,長青路,２０４巷,
汐止區,長青路,２１０巷,３弄
汐止區,長青路,２１０巷,５弄
汐止區,長青路,２１０巷,６弄
汐止區,長青路,２１０巷,
汐止區,長青路,２１３巷,
汐止區,長青路,２１４巷,
汐止區,長青路,２１７巷,
汐止區,長青路,,
汐止區,青山路,１９巷,
汐止區,青山路,,
汐止區,鮕鮘坑街,３５巷,
汐止區,鮕鮘坑街,３７巷,
汐止區,鮕鮘坑街,３９巷,
汐止區,鮕鮘坑街,５１巷,
汐止區,鮕鮘坑街,５３巷,
汐止區,鮕鮘坑街,６１巷,
汐止區,鮕鮘坑街,,
汐止區,鵠鵠崙路,２０巷,
汐止區,鵠鵠崙路,３０巷,
汐止區,鵠鵠崙路,３６巷,
汐止區,鵠鵠崙路,６０巷,
汐止區,鵠鵠崙路,,
汐止區,龍安路,２巷,
汐止區,龍安路,２０２巷,
汐止區,龍安路,２８巷,
汐止區,龍安路,,
