areacode	s	H	J	M
65000180	[B	R		
65000180	[B	R	PPJ	
65000180	[B	R	PRJ	
65000180	[B	R	PTJ	
65000180	[B	k[Hi		
65000180	[B	k[Hi	PPOJ	
65000180	[B	k[Hi	PPOJ	XM
65000180	[B	k[Hi	PPQJ	
65000180	[B	k[Hi	PPQJ	PM
65000180	[B	k[Hi	PPQJ	PTM
65000180	[B	k[Hi	PPQJ	TM
65000180	[B	k[Hi	QOPJ	
65000180	[B	k[Hi	QQPJ	
65000180	[B	k[Hi	QQXJ	
65000180	[B	k[Hi	QSXJ	
65000180	[B	k[Hi	QVWJ	
65000180	[B	k[Hi	QVWJ	ROM
65000180	[B	k[Hi	RPJ	
65000180	[B	k[Hi	TTJ	
65000180	[B	k[Hi	UOJ	
65000180	[B	k[Hi	UTJ	
65000180	[B	k[Hi	WRJ	
65000180	[B	k[Hi	WRJ	POM
65000180	[B	k[Hi	WRJ	UM
65000180	[B	k[Hi	WRJ	WM
65000180	[B	k[HOi		
65000180	[B	k[HOi	POVJ	
65000180	[B	k[HOi	PPWJ	
65000180	[B	k[HOi	PSPJ	
65000180	[B	k[HOi	PTTJ	
65000180	[B	k[HOi	PTWJ	
65000180	[B	k[HOi	PTWJ	RQM
65000180	[B	k[HOi	PUVJ	
65000180	[B	k[HOi	PWXJ	
65000180	[B	k[HOi	PWXJ	PM
65000180	[B	k[HOi	PWXJ	POM
65000180	[B	k[HOi	PWXJ	UM
65000180	[B	k[HOi	PWXJ	VM
65000180	[B	k[HOi	PWXJ	WM
65000180	[B	k[HOi	PWXJ	XM
65000180	[B	k[HOi	PXQJ	
65000180	[B	k[HOi	QOUJ	
65000180	[B	k[HOi	QOUJ	PM
65000180	[B	k[HOi	QPTJ	
65000180	[B	k[HOi	QPTJ	QM
65000180	[B	k[HOi	QPTJ	UM
65000180	[B	k[HOi	QPTJ	WM
65000180	[B	k[HOi	QRUJ	
65000180	[B	k[HOi	QSRJ	
65000180	[B	k[HOi	QSRJ	PM
65000180	[B	k[HOi	QSRJ	PQM
65000180	[B	k[HOi	QSRJ	XM
65000180	[B	k[HOi	QTJ	
65000180	[B	k[HOi	QVOJ	
65000180	[B	k[HOi	QWUJ	
65000180	[B	k[HOi	XRJ	
65000180	[B	k[Hi		
65000180	[B	k[Hi	PQRJ	
65000180	[B	k[Hi	PRQJ	
65000180	[B	k[Hi	PRQJ	WM
65000180	[B	k[Hi	PRUJ	
65000180	[B	k[Hi	QJ	
65000180	[B	k[Hi	QJ	PPM
65000180	[B	k[Hi	QJ	PRM
65000180	[B	k[Hi	QOQJ	
65000180	[B	k[Hi	SRJ	
65000180	[B	k[Hi	SRJ	PPM
65000180	[B	k[Hi	TTJ	
65000180	[B	k[Hi	TTJ	PM
65000180	[B	k[Hi	TTJ	PPM
65000180	[B	k[Hi	TTJ	PQM
65000180	[B	k[Hi	TTJ	RM
65000180	[B	k[Hi	VQJ	
65000180	[B	k[Hi	WPJ	
65000180	[B	k[Hi	WPJ	UM
65000180	[B	k[Hi	WPJ	WM
65000180	[B	k[Hi	WUJ	
65000180	[B	yɐH		
65000180	[B	VX		
65000180	[B	VX	PPQJ	
65000180	[B	VX	RTJ	
65000180	[B	VX	RVJ	
65000180	[B	VX	TWJ	
65000180	[B	VX	UPJ	
65000180	[B	VX	UPJ	PPM
65000180	[B	VX	UPJ	QOM
65000180	[B	VX	UPJ	TM
65000180	[B	VX	XTJ	
65000180	[B	؊X		
65000180	[B	X		
65000180	[B	X	PPJ	
65000180	[B	X	QQJ	
65000180	[B	X	QQJ	PVM
65000180	[B	X	TJ	
65000180	[B	X	XJ	
65000180	[B	X		
65000180	[B	X	PVJ	
65000180	[B	X	PVJ	POM
65000180	[B	X	PVJ	QM
65000180	[B	X	PVJ	UM
65000180	[B	X	PVJ	WM
65000180	[B	X	QVJ	
65000180	[B	X	RXJ	
65000180	[B	X	RXJ	STM
65000180	[B	X	RXJ	SVM
65000180	[B	X	WSJ	
65000180	[B	RHi		
65000180	[B	RHi	RPJ	
65000180	[B	RHi	UQJ	
65000180	[B	RHi	UQJ	WM
65000180	[B	RHi	UQJ	XM
65000180	[B	RHOi		
65000180	[B	RHi		
65000180	[B	RHi	ROJ	
65000180	[B	?H		
65000180	[B	?H	STJ	
65000180	[B	?H		
65000180	[B	?H	RXJ	
65000180	[B	?H	STJ	
65000180	[B	?H	TTJ	
65000180	[B	BH		
65000180	[B	BH	SQJ	
65000180	[B	X		
65000180	[B	X	PUJ	
65000180	[B	X	QWJ	
65000180	[B	X	ROJ	
65000180	[B	X	RVJ	
65000180	[B	X	SOJ	
65000180	[B	X	SRJ	
65000180	[B	X	SRJ	RSM
65000180	[B	X	STJ	
65000180	[B	X	SVJ	
65000180	[B	X	SXJ	
65000180	[B	X	TPJ	
65000180	[B	X	TQJ	
65000180	[B	X	TRJ	
65000180	[B	X	TSJ	
65000180	[B	X	TTJ	
65000180	[B	X	USJ	
65000180	[B	X	UUJ	
65000180	[B	X	UWJ	
65000180	[B	[H		
65000180	[B	[H	WWJ	
65000180	[B	[BX		
65000180	[B	[BX	RJ	
65000180	[B	[BX	XWJ	
65000180	[B	GH		
65000180	[B	GH	SPJ	
65000180	[B	gtX		
65000180	[B	gtX	POJ	
65000180	[B	gtX	PQJ	
65000180	[B	gtX	PSJ	
65000180	[B	gtX	PXJ	
65000180	[B	gtX	TRJ	
65000180	[B	gtX	TTJ	
65000180	[B	gtX	TVJ	
65000180	[B	gtX	TXJ	
65000180	[B	gtX	WJ	
65000180	[B	JX		
65000180	[B	JX	PQJ	
65000180	[B	JX	PRJ	
65000180	[B	JX	PUJ	
65000180	[B	JX	PUJ	QM
65000180	[B	JX	PVJ	
65000180	[B	JX	PVJ	PTM
65000180	[B	JX	PVJ	PUM
65000180	[B	JX	PVJ	QPM
65000180	[B	JX	PVJ	QQM
65000180	[B	JX	PVJ	QVM
65000180	[B	JX	PVJ	QWM
65000180	[B	JX	PVJ	RM
65000180	[B	JX	PVJ	SQM
65000180	[B	JX	PVJ	SWM
65000180	[B	JX	PVJ	TSM
65000180	[B	JX	PVJ	TWM
65000180	[B	JX	PVJ	XM
65000180	[B	JX	QPJ	
65000180	[B	JX	RSJ	
65000180	[B	JX	RVJ	
65000180	[B	JX	WJ	
65000180	[B	JX	WPJ	
65000180	[B	JX	WRJ	
65000180	[B	ݕH		
65000180	[B	ݕH	PUJ	
65000180	[B	ݕH	TRJ	
65000180	[B	ݕH	URJ	
65000180	[B	ݕH	VTJ	
65000180	[B	_?H		
65000180	[B	_?H	POJ	
65000180	[B	_?H	PQJ	
65000180	[B	_?H	PQJ	QTM
65000180	[B	_?H	QTJ	
65000180	[B	_?H	QVJ	
65000180	[B	_?H	UPJ	
65000180	[B	_?H	UVJ	
65000180	[B	_?H	UVJ	UM
65000180	[B	iX		
65000180	[B	iX	PUJ	
65000180	[B	iX	RPJ	
